COBERTURA_NETA,Casos_Zika,DESERCIÓN,Lluvia-14d-prev,Lluvia-21d-prev,Lluvia-7d-prev,MORTALIDAD_INFANTIL_POR_MIL_NACIDOS,NAME,NBI,POBLACIÓN_5_16,SEDES_CONECTADAS_A_INTERNET,TASA_MATRICULACIÓN_5_16
90.89,0,3.26,15,1,17,15.52,Colombia-Antioquia-Abejorral,33.85,3829,71.43,90.89
65.19,1,2.17,294,0,39,16.0,Colombia-Norte_Santander-Abrego,48.44,9460,7.46,65.19
90.5,0,0.51,3,3,0,17.59,Colombia-Antioquia-Abriaqui,28.54,400,45.45,90.5
116.16,1,4.8,308,0,318,20.77,Colombia-Meta-Acacias,22.68,14688,46.15,116.24
121.28,0,3.37,12,0,2,27.72,Colombia-Choco-Acandi,49.25,2401,22.22,121.28
82.38,0,4.81,16,0,22,30.54,Colombia-Huila-Acevedo,64.1,9048,25.0,82.38
98.45,0,1.07,303,0,13,36.58,Colombia-Bolivar-Achi,80.74,5474,28.77,98.45
87.38,1,5.8,9,0,16,22.45,Colombia-Huila-Agrado,44.92,2338,40.91,87.38
88.21,4,5.53,49,7,58,16.61,Colombia-Cundinamarca-Agua_de_Dios,20.67,2145,0.0,88.21
92.05,12,3.82,179,0,22,19.79,Colombia-Cesar-Aguachica,41.9,22958,49.35,92.19
72.24,0,2.98,465,0,39,19.97,Colombia-Santander-Aguada,41.02,389,12.5,72.24
83.76,0,3.43,15,1,17,14.75,Colombia-Caldas-Aguadas,22.99,4630,23.19,83.76
84.96,3,3.16,145,1,33,19.57,Colombia-Casanare-Aguazul,26.69,9369,27.66,84.96
110.46,0,5.65,234,0,24,25.62,Colombia-Cesar-Agustin_Codazzi,51.44,13647,23.81,110.49
52.53,15,5.38,8,0,46,18.64,Colombia-Huila-Aipe,38.01,6551,50.0,52.53
80.52,0,5.02,49,7,58,15.58,Colombia-Cundinamarca-Alban,25.78,1258,35.71,80.52
31.58,0,0.61,0,5,2,19.19,Colombia-Nariño-Alban,25.78,4706,63.16,31.58
81.8,0,5.66,224,0,45,31.93,Colombia-La_Guajira-Albania,35.03,7062,42.86,82.17
55.38,0,3.21,16,0,22,25.18,Colombia-Caqueta-Albania,35.03,1775,15.38,55.38
49.04,0,0.78,222,0,24,27.22,Colombia-Santander-Albania,35.03,1193,8.0,49.04
45.15,0,4.86,2,0,12,13.04,Colombia-Valle_Del_Cauca-Alcala,25.56,4361,6.25,45.15
128.36,0,1.72,0,5,3,24.27,Colombia-Nariño-Aldana,36.81,1146,36.36,128.36
121.46,0,2.3,1,0,5,18.76,Colombia-Antioquia-Alejandria,33.14,601,93.33,121.46
109.72,0,1.89,75,3,9,26.02,Colombia-Magdalena-Algarrobo,64.65,3787,50.0,109.77
89.43,6,7.61,9,0,16,23.16,Colombia-Huila-Algeciras,49.2,5809,18.64,89.43
58.47,0,0.94,3,0,0,30.86,Colombia-Cauca-Almaguer,88.54,4724,49.23,58.47
77.44,0,0.68,284,2,147,18.14,Colombia-Boyaca-Almeida,37.32,359,0.0,77.44
73.82,2,1.47,51,9,44,26.19,Colombia-Tolima-Alpujarra,39.31,1039,29.41,73.82
63.61,0,3.98,9,0,16,15.38,Colombia-Huila-Altamira,23.58,1091,75.0,63.61
44.67,0,2.38,0,0,9,52.35,Colombia-Choco-Alto_Baudo,97.18,11651,6.25,44.67
68.04,0,1.15,303,0,13,29.69,Colombia-Bolivar-Altos_del_Rosario,68.83,3263,40.0,68.04
86.33,0,4.25,49,7,58,17.56,Colombia-Tolima-Alvarado,45.82,1968,60.0,86.33
71.08,0,4.6,1,0,5,13.84,Colombia-Antioquia-Amaga,27.07,6518,95.83,71.08
96.38,0,6.2,1,0,5,16.3,Colombia-Antioquia-Amalfi,45.29,5248,22.22,96.38
88.52,0,6.55,49,7,58,15.62,Colombia-Tolima-Ambalema,34.39,1394,50.0,88.52
101.73,6,5.94,49,7,58,13.96,Colombia-Cundinamarca-Anapoima,29.98,2488,30.43,101.77
86.94,0,0.37,0,5,2,17.2,Colombia-Nariño-Ancuya,46.14,1394,28.0,86.94
91.01,1,2.77,0,0,10,13.76,Colombia-Valle_Del_Cauca-Andalucia,18.44,3191,19.05,91.54
76.88,0,5.12,15,1,17,13.64,Colombia-Antioquia-Andes,30.49,10115,79.66,76.88
63.94,0,5.17,1,0,5,13.24,Colombia-Antioquia-Angelopolis,25.97,1697,100.0,63.94
82.31,0,2.78,1,0,5,28.6,Colombia-Antioquia-Angostura,55.16,2826,82.86,82.31
109.36,0,2.25,49,7,58,16.2,Colombia-Cundinamarca-Anolaima,26.86,2362,31.43,109.4
93.96,0,4.73,0,5,6,23.07,Colombia-Antioquia-Anori,48.14,3891,27.12,93.96
84.33,0,5.09,15,1,17,9.89,Colombia-Caldas-Anserma,19.08,6792,19.7,84.41
73.52,0,8.55,2,0,12,20.52,Colombia-Valle_Del_Cauca-Ansermanuevo,30.97,4090,28.89,73.52
86.84,0,5.29,1,0,5,15.99,Colombia-Antioquia-Anza,51.34,1755,61.11,86.84
43.03,0,5.9,2,0,12,30.37,Colombia-Tolima-Anzoategui,100.0,4827,32.43,43.03
62.12,4,5.27,6,0,0,13.76,Colombia-Antioquia-Apartado,24.53,47694,45.31,62.16
51.69,0,5.77,15,1,17,19.3,Colombia-Risaralda-Apia,24.34,4241,21.43,51.69
77.33,3,2.81,49,7,58,13.49,Colombia-Cundinamarca-Apulo,37.59,1535,12.5,77.33
85.98,0,4.21,145,1,33,21.44,Colombia-Boyaca-Aquitania,42.76,3922,17.5,86.05
83.08,2,1.13,75,3,9,18.46,Colombia-Magdalena-Aracataca,61.4,11121,27.45,83.16
83.78,0,5.22,15,1,17,16.99,Colombia-Caldas-Aranzazu,20.34,2491,21.62,83.78
91.31,0,1.2,465,0,39,20.25,Colombia-Santander-Aratoca,49.2,1750,31.82,91.31
66.62,8,3.74,218,0,1,27.3,Colombia-Arauca-Arauca,33.73,25885,45.65,66.71
67.41,1,2.95,330,0,9,25.74,Colombia-Arauca-Arauquita,41.48,11882,35.64,67.41
66.78,0,4.0,49,7,58,13.78,Colombia-Cundinamarca-Arbelaez,25.25,2938,26.92,66.78
95.67,0,2.16,0,5,2,31.61,Colombia-Nariño-Arboleda,81.83,1455,29.63,95.67
75.2,0,0.62,294,0,39,13.27,Colombia-Norte_Santander-Arboledas,52.01,2081,9.3,75.2
73.82,2,1.89,13,2,0,23.67,Colombia-Antioquia-Arboletes,72.4,11125,75.71,73.82
96.92,0,0.53,222,0,24,15.56,Colombia-Boyaca-Arcabuco,33.25,1138,20.0,96.92
34.37,3,6.52,179,0,22,20.67,Colombia-Bolivar-Arenal,59.17,5219,26.67,34.37
87.61,1,3.34,0,0,217,34.48,Colombia-Cauca-Argelia,100.0,6330,36.36,87.61
83.11,0,3.69,15,1,17,20.0,Colombia-Antioquia-Argelia,100.0,2190,25.58,83.11
66.87,0,1.59,0,0,10,17.0,Colombia-Valle_Del_Cauca-Argelia,100.0,1331,19.05,66.87
95.21,0,4.08,185,1,18,18.03,Colombia-Magdalena-Ariguani,59.22,8223,34.29,95.26
81.54,4,3.75,49,0,39,21.6,Colombia-Bolivar-Arjona,58.83,17919,71.88,81.58
74.11,0,3.18,1,0,5,19.59,Colombia-Antioquia-Armenia,39.83,950,100.0,74.11
82.88,1,4.7,2,0,12,10.83,Colombia-Quindio-Armenia,39.83,55140,70.42,82.94
88.74,0,2.45,49,7,58,20.57,Colombia-Tolima-Armero_,32.63,2567,50.0,88.74
53.91,0,1.89,49,0,39,29.51,Colombia-Bolivar-Arroyohondo,67.8,2545,100.0,53.91
83.53,0,3.53,149,0,13,34.84,Colombia-Cesar-Astrea,70.86,5579,86.11,83.53
84.4,1,3.42,8,0,46,38.11,Colombia-Tolima-Ataco,66.43,5751,13.54,84.4
48.5,0,4.2,0,0,9,40.62,Colombia-Choco-Atrato,80.11,2903,41.18,48.5
80.97,0,2.03,0,0,1,24.36,Colombia-Cordoba-Ayapel,61.55,13215,14.77,80.97
0.0,0,0.0,0,0,9,63.16,Colombia-Choco-Bagado,84.49,2361,6.82,0.0
105.2,0,6.22,0,0,11,38.61,Colombia-Choco-Bahia_Solano,30.19,2613,22.22,105.2
90.94,0,9.52,0,1,0,53.7,Colombia-Choco-Bajo_Baudo,78.28,5673,8.7,90.94
88.22,1,6.0,2,0,12,16.99,Colombia-Risaralda-Balboa,28.01,1324,60.0,88.22
58.48,1,1.37,0,0,217,21.78,Colombia-Cauca-Balboa,28.01,6093,53.73,58.48
94.24,1,1.2,75,3,9,17.83,Colombia-Atlantico-Baranoa,26.82,12141,100.0,94.28
62.33,1,5.53,8,0,46,16.72,Colombia-Huila-Baraya,100.0,2230,25.81,62.33
89.6,1,2.74,0,0,63,30.97,Colombia-Nariño-Barbacoas,73.87,11628,30.28,89.6
72.89,0,3.19,1,0,5,12.57,Colombia-Antioquia-Barbosa,18.8,11076,60.87,72.89
92.96,2,3.17,222,0,24,11.9,Colombia-Santander-Barbosa,18.8,5940,7.69,93.0
87.42,1,2.31,465,0,39,14.55,Colombia-Santander-Barichara,30.99,1526,35.0,87.42
131.84,0,0.49,202,0,55,26.64,Colombia-Meta-Barranca_de_Upia,40.21,1024,25.0,131.84
119.38,2,4.25,294,0,39,14.19,Colombia-Santander-Barrancabermeja,22.33,38851,72.22,119.59
66.57,0,2.77,237,0,62,27.34,Colombia-La_Guajira-Barrancas,54.15,9533,32.0,66.59
77.4,0,5.25,303,0,13,29.34,Colombia-Bolivar-Barranco_de_Loba,74.54,4952,21.05,77.4
115.14,0,9.49,104,83,10,40.58,Colombia-Guainia-Barranco_Minas,100.0,1420,30.77,115.14
93.18,86,1.54,75,3,9,14.72,Colombia-Atlantico-Barranquilla,17.72,242365,90.43,93.35
135.32,0,4.11,149,0,13,23.94,Colombia-Cesar-Becerril,56.51,3715,14.0,135.42
84.65,0,5.13,2,0,12,17.37,Colombia-Caldas-Belalcazar,28.78,2299,32.26,84.65
76.47,0,2.67,0,5,2,20.31,Colombia-Nariño-Belen,31.06,1330,42.86,76.47
105.43,0,1.02,145,1,33,13.66,Colombia-Boyaca-Belen,31.06,1528,16.67,105.63
69.75,2,3.39,16,0,22,22.08,Colombia-Caqueta-Belen_de_los_Andaquies,47.83,3438,17.02,69.75
75.0,2,5.63,15,1,17,16.82,Colombia-Risaralda-Belen_de_Umbria,24.07,6068,27.87,75.0
81.27,6,3.29,1,0,5,9.21,Colombia-Antioquia-Bello,10.58,92140,93.55,81.33
89.36,0,3.33,1,0,5,20.51,Colombia-Antioquia-Belmira,29.05,1636,92.86,89.36
82.32,0,3.03,49,7,58,19.17,Colombia-Cundinamarca-Beltran,33.86,475,30.0,82.32
53.75,0,0.66,222,0,24,14.53,Colombia-Boyaca-Berbeo,36.12,547,14.29,53.75
86.57,0,4.37,15,1,17,19.12,Colombia-Antioquia-Betania,31.25,2181,85.19,86.57
59.13,0,0.0,145,1,33,21.84,Colombia-Boyaca-Beteitiva,64.02,482,25.0,59.13
88.2,0,7.96,1,0,5,19.59,Colombia-Antioquia-Betulia,43.21,4153,36.59,88.2
96.48,0,1.99,465,0,39,23.82,Colombia-Santander-Betulia,43.21,1192,12.5,96.48
71.55,0,1.53,49,7,58,15.06,Colombia-Cundinamarca-Bituima,32.09,573,14.29,71.55
72.39,0,3.31,181,15,258,16.56,Colombia-Boyaca-Boavita,52.88,1398,20.0,72.39
82.41,0,6.5,294,0,39,15.08,Colombia-Norte_Santander-Bochalema,29.31,1603,16.67,82.41
81.77,0,3.63,49,7,58,13.4,Colombia-Bogota_d_C.-Bogota_D.C.,9.2,1455309,98.87,82.2
63.74,0,5.04,49,7,58,14.66,Colombia-Cundinamarca-Bojaca,20.78,2959,41.67,63.74
106.99,0,0.93,3,3,0,52.54,Colombia-Choco-Bojaya,96.03,2991,16.33,106.99
68.15,0,1.86,3,0,0,21.82,Colombia-Cauca-Bolivar,30.37,9378,36.36,68.15
92.82,0,3.33,0,0,10,21.0,Colombia-Valle_Del_Cauca-Bolivar,30.37,2787,18.52,92.82
78.34,0,4.35,222,0,24,40.03,Colombia-Santander-Bolivar,30.37,2802,13.85,78.34
89.74,0,8.08,149,0,13,18.76,Colombia-Cesar-Bosconia,50.2,10541,60.87,89.86
81.96,0,0.44,222,0,24,19.54,Colombia-Boyaca-Boyaca,51.01,1070,25.0,81.96
85.13,0,7.64,0,5,6,26.15,Colombia-Antioquia-Briceño,55.04,2111,42.11,85.13
83.13,0,2.59,222,0,24,16.52,Colombia-Boyaca-Briceño,55.04,575,12.5,83.13
99.89,15,2.93,294,0,39,10.97,Colombia-Santander-Bucaramanga,11.55,95351,95.97,100.12
92.93,0,0.45,294,0,39,23.31,Colombia-Norte_Santander-Bucarasica,64.33,1132,13.79,92.93
83.23,1,2.94,0,0,47,30.69,Colombia-Valle_Del_Cauca-Buenaventura,35.85,94529,33.03,83.49
69.1,1,1.24,34,0,51,16.27,Colombia-Boyaca-Buenavista,61.34,1327,7.69,69.1
90.0,0,8.58,2,0,12,13.84,Colombia-Quindio-Buenavista,61.34,560,0.0,90.0
88.83,0,3.81,301,1,182,20.93,Colombia-Sucre-Buenavista,61.34,2309,18.18,88.91
86.29,0,1.18,0,0,1,26.95,Colombia-Cordoba-Buenavista,61.34,5586,32.5,86.29
66.08,0,1.39,0,0,43,30.19,Colombia-Cauca-Buenos_Aires,57.89,7586,42.19,66.08
74.3,0,0.45,0,5,2,19.19,Colombia-Nariño-Buesaco,58.64,5299,22.22,74.3
95.28,1,1.72,0,0,10,14.22,Colombia-Valle_Del_Cauca-Bugalagrande,21.31,3815,12.2,95.31
114.69,0,5.06,1,0,5,22.99,Colombia-Antioquia-Buritica,70.3,1532,31.03,114.69
0.0,0,4.11,145,1,33,25.44,Colombia-Boyaca-Busbanza,57.97,223,50.0,29.6
85.32,0,3.04,51,9,44,17.05,Colombia-Cundinamarca-Cabrera,40.13,1110,20.0,85.32
59.2,0,0.0,465,0,39,18.39,Colombia-Santander-Cabrera,40.13,527,12.5,59.2
131.57,0,7.92,202,0,55,27.65,Colombia-Meta-Cabuyaro,44.0,963,70.0,131.57
0.0,0,0.0,45,0,51,39.63,Colombia-Guainia-Cacahual,100.0,822,16.67,0.0
76.33,0,2.85,0,5,6,23.53,Colombia-Antioquia-Caceres,66.81,10702,76.92,76.33
55.77,0,3.57,49,7,58,12.98,Colombia-Cundinamarca-Cachipay,21.43,2521,23.08,55.81
77.07,0,2.91,294,0,39,11.23,Colombia-Norte_Santander-Cachira,49.2,2708,7.14,77.07
103.86,0,4.33,294,0,39,25.77,Colombia-Norte_Santander-Cacota,52.8,440,21.43,103.86
81.35,0,6.76,1,0,5,20.39,Colombia-Antioquia-Caicedo,63.85,2086,66.67,81.35
80.4,0,3.34,2,0,12,13.35,Colombia-Valle_Del_Cauca-Caicedonia,15.94,5424,4.88,80.4
104.63,0,1.72,0,0,1,26.81,Colombia-Sucre-Caimito,68.06,2893,37.04,104.63
85.27,0,4.93,2,0,12,19.39,Colombia-Tolima-Cajamarca,28.34,4453,20.51,85.27
75.34,0,2.06,0,0,44,21.27,Colombia-Cauca-Cajibio,63.74,9166,38.61,75.34
102.42,0,2.88,49,7,58,11.44,Colombia-Cundinamarca-Cajica,12.74,12375,23.53,103.86
55.93,0,4.31,130,1,69,29.2,Colombia-Guaviare-Calamar,28.52,2512,12.0,55.93
88.43,0,1.1,75,3,9,29.51,Colombia-Bolivar-Calamar,28.52,5989,62.5,88.53
79.67,0,5.69,2,0,12,13.76,Colombia-Quindio-Calarca,14.46,15331,0.0,79.69
87.15,0,1.34,222,0,24,16.52,Colombia-Boyaca-Caldas,13.02,724,23.08,87.15
82.02,1,2.66,1,0,5,9.34,Colombia-Antioquia-Caldas,13.02,14422,85.19,82.23
97.02,0,3.18,0,0,44,27.64,Colombia-Cauca-Caldono,69.87,8729,57.65,97.02
79.36,17,2.01,0,0,43,9.4,Colombia-Valle_Del_Cauca-Cali,11.01,440855,99.41,79.61
66.97,0,0.64,301,1,182,19.41,Colombia-Santander-California,26.64,442,50.0,66.97
100.9,0,2.46,0,0,43,13.51,Colombia-Valle_Del_Cauca-Calima,0.0,2765,13.64,100.9
0.0,0,1.28,0,0,43,27.17,Colombia-Cauca-Caloto,48.72,3790,51.16,0.0
87.17,0,3.93,1,0,5,21.71,Colombia-Antioquia-Campamento,100.0,2073,34.09,87.17
86.51,0,2.04,75,3,9,28.08,Colombia-Atlantico-Campo_de_la_Cruz,62.86,4455,100.0,86.51
82.69,4,7.74,9,0,16,15.32,Colombia-Huila-Campoalegre,26.67,7752,63.04,82.73
52.71,1,1.93,222,0,24,20.6,Colombia-Boyaca-Campohermoso,44.05,960,14.81,52.71
83.02,0,2.29,13,2,0,31.48,Colombia-Cordoba-Canalete,85.95,5358,17.07,83.02
80.49,2,2.54,3,3,0,27.7,Colombia-Antioquia-Cañasgordas,57.09,4132,49.21,80.49
88.72,0,0.92,75,3,9,15.93,Colombia-Atlantico-Candelaria,14.51,3156,100.0,88.78
102.15,0,3.38,0,0,43,13.37,Colombia-Valle_Del_Cauca-Candelaria,14.51,14072,29.03,102.17
84.36,0,3.17,294,0,39,17.15,Colombia-Bolivar-Cantagallo,61.88,2218,9.38,84.36
64.1,0,2.75,34,0,51,29.55,Colombia-Cundinamarca-Caparrapi,53.9,3401,21.52,64.1
92.85,0,1.17,181,15,258,19.13,Colombia-Santander-Capitanejo,46.27,1091,0.0,92.85
97.41,1,3.5,284,2,147,13.14,Colombia-Cundinamarca-Caqueza,30.34,3515,32.26,97.47
78.36,0,1.43,62,2,23,17.05,Colombia-Antioquia-Caracoli,29.93,1012,53.33,78.36
74.84,0,5.76,15,1,17,15.79,Colombia-Antioquia-Caramanta,25.0,1105,30.0,74.84
79.17,0,0.38,181,15,258,39.21,Colombia-Santander-Carcasi,66.71,960,9.68,79.17
88.34,0,4.35,1,0,5,25.94,Colombia-Antioquia-Carepa,43.17,14593,76.32,88.34
106.49,6,2.45,49,7,58,17.36,Colombia-Tolima-Carmen_de_Apicala,28.69,1802,75.0,106.55
74.04,0,0.51,222,0,24,20.51,Colombia-Cundinamarca-Carmen_de_Carupa,39.19,1830,11.54,74.04
0.0,0,8.26,6,0,0,45.15,Colombia-Choco-Carmen_del_Darien,90.67,1558,15.56,0.0
101.54,0,1.95,1,0,5,16.13,Colombia-Antioquia-Carolina,17.42,714,83.33,101.54
96.39,65,3.19,49,0,39,16.44,Colombia-Bolivar-Cartagena_de_Indias,26.01,212927,95.11,96.55
70.55,0,4.52,83,9,110,22.86,Colombia-Caqueta-Cartagena_del_Chaira,51.57,9724,9.09,70.55
85.59,3,0.93,2,0,12,13.81,Colombia-Valle_Del_Cauca-Cartago,15.69,24003,93.02,85.61
77.24,0,8.86,81,0,94,52.66,Colombia-Vaupes-Caruru,100.0,848,11.11,77.24
77.88,0,3.5,15,1,17,22.88,Colombia-Tolima-Casabianca,32.55,1573,18.52,77.88
128.66,1,2.88,308,0,318,21.4,Colombia-Meta-Castilla_la_Nueva,23.42,2163,100.0,128.66
78.95,5,2.83,0,5,6,19.17,Colombia-Antioquia-Caucasia,52.41,27554,65.57,78.95
90.95,0,1.08,181,15,258,36.31,Colombia-Santander-Cepita,47.9,409,7.69,90.95
98.3,1,2.26,0,0,1,25.04,Colombia-Cordoba-Cerete,50.43,19767,54.72,98.42
82.91,0,1.22,145,1,33,15.49,Colombia-Boyaca-Cerinza,26.02,749,8.33,82.91
85.53,0,0.88,181,15,258,23.14,Colombia-Santander-Cerrito,46.15,1272,11.54,85.53
92.19,0,1.61,75,3,9,22.82,Colombia-Magdalena-Cerro_de_San_Antonio,63.73,1945,44.44,92.19
44.29,0,6.97,0,0,9,39.25,Colombia-Choco-Certegui,87.24,2409,50.0,44.29
78.68,0,0.98,0,5,2,16.7,Colombia-Nariño-Chachagüi,0.0,3016,33.33,78.68
61.48,0,0.37,49,7,58,17.45,Colombia-Cundinamarca-Chaguani,44.09,867,29.41,61.48
93.98,0,1.51,41,5,0,29.52,Colombia-Sucre-Chalan,71.03,1080,44.44,93.98
60.61,1,3.44,145,1,33,24.99,Colombia-Casanare-Chameza,46.35,594,20.0,60.61
94.91,2,2.55,8,0,46,24.93,Colombia-Tolima-Chaparral,47.65,12076,8.23,94.92
101.9,0,2.25,465,0,39,16.08,Colombia-Santander-Charala,24.08,2260,7.5,101.9
81.85,0,0.95,301,1,182,16.0,Colombia-Santander-Charta,32.35,496,21.43,81.85
100.65,0,2.77,49,7,58,10.86,Colombia-Cundinamarca-Chia,7.11,25468,100.0,102.01
114.79,0,5.91,75,3,9,26.07,Colombia-Magdalena-Chivolo,72.25,4693,36.36,114.79
76.52,1,6.4,6,0,0,15.69,Colombia-Antioquia-Chigorodo,40.15,19987,57.45,76.52
82.02,0,0.39,41,5,0,23.1,Colombia-Cordoba-Chima,43.94,3454,42.86,82.02
92.49,0,2.1,465,0,39,22.85,Colombia-Santander-Chima,43.94,519,20.0,92.49
100.87,0,3.76,149,0,13,26.48,Colombia-Cesar-Chimichagua,66.64,8881,45.35,100.89
79.73,1,1.03,294,0,39,12.8,Colombia-Norte_Santander-Chinacota,22.92,3656,25.0,79.73
78.41,0,3.07,222,0,24,22.68,Colombia-Boyaca-Chinavita,35.79,704,45.45,78.41
80.68,1,3.84,2,0,12,16.11,Colombia-Caldas-Chinchina,18.58,10766,33.33,80.69
90.11,0,1.6,41,5,0,26.96,Colombia-Cordoba-Chinu,53.78,10080,51.47,90.15
84.32,0,1.89,49,7,58,15.01,Colombia-Cundinamarca-Chipaque,30.34,1907,28.57,84.43
73.94,0,1.44,465,0,39,16.32,Colombia-Santander-Chipata,41.45,994,21.43,73.94
83.64,0,2.61,222,0,24,11.73,Colombia-Boyaca-Chiquinquira,17.87,15593,17.95,83.69
67.45,0,0.43,222,0,24,26.15,Colombia-Boyaca-Chiquiza,49.0,1312,31.25,67.45
120.75,2,3.98,149,0,13,19.84,Colombia-Cesar-Chiriguana,53.52,5335,54.05,120.88
69.01,0,1.44,222,0,24,23.68,Colombia-Boyaca-Chiscas,69.98,981,21.43,69.01
79.96,0,1.25,181,15,258,33.56,Colombia-Boyaca-Chita,81.22,2595,35.71,79.96
68.51,0,0.17,294,0,39,18.39,Colombia-Norte_Santander-Chitaga,52.59,2496,9.3,68.51
86.72,2,0.95,465,0,39,22.96,Colombia-Boyaca-Chitaraque,47.31,1190,25.0,86.72
0.0,0,4.61,222,0,24,21.52,Colombia-Boyaca-Chivata,49.37,1487,0.0,30.73
87.07,0,5.98,284,2,147,19.48,Colombia-Boyaca-Chivor,34.16,441,18.18,87.07
97.77,0,2.29,284,2,147,17.26,Colombia-Cundinamarca-Choachi,24.31,2380,23.33,97.77
78.41,0,1.84,222,0,24,16.39,Colombia-Cundinamarca-Choconta,39.98,5344,32.35,78.41
114.25,0,4.17,185,1,18,22.6,Colombia-Bolivar-Cicuco,60.88,2723,77.78,114.25
93.39,43,2.48,19,0,3,15.34,Colombia-Magdalena-Cienaga,43.81,26779,33.33,93.76
78.17,1,0.95,0,0,1,32.02,Colombia-Cordoba-Cienaga_de_Oro,61.84,15055,56.67,78.17
95.0,0,2.71,222,0,24,16.31,Colombia-Boyaca-Cienega,29.81,1019,9.09,95.0
68.59,0,6.79,465,0,39,21.16,Colombia-Santander-Cimitarra,45.74,10877,21.21,68.59
78.24,0,6.06,2,0,12,13.99,Colombia-Quindio-Circasia,17.23,5612,0.0,78.28
91.75,0,3.65,1,0,5,15.09,Colombia-Antioquia-Cisneros,23.75,1818,100.0,91.75
85.89,3,8.48,0,0,9,15.58,Colombia-Antioquia-Ciudad_Bolivar,29.98,6124,84.85,85.89
86.53,0,2.29,49,0,39,20.15,Colombia-Bolivar-Clemencia,72.06,3340,37.5,86.53
104.07,0,4.73,1,0,5,17.05,Colombia-Antioquia-Cocorna,36.23,2949,82.46,104.07
65.27,0,1.83,49,7,58,28.01,Colombia-Tolima-Coello,45.77,2298,75.0,65.27
79.65,0,3.27,222,0,24,11.77,Colombia-Cundinamarca-Cogua,13.16,4903,63.16,79.71
47.74,0,5.31,51,9,44,23.94,Colombia-Huila-Colombia,64.77,2878,19.61,47.74
69.67,0,1.48,0,5,2,21.49,Colombia-Nariño-Colon,57.41,2173,37.04,69.67
78.87,0,5.43,3,0,0,17.77,Colombia-Putumayo-Colon,57.41,1202,66.67,78.87
122.69,0,1.16,41,5,0,24.72,Colombia-Sucre-Coloso,81.51,1353,56.25,122.69
74.97,0,4.67,222,0,24,22.25,Colombia-Boyaca-Combita,38.4,2329,28.57,75.05
85.32,0,2.42,181,15,258,23.54,Colombia-Santander-Concepcion,25.95,1056,17.24,85.32
129.29,0,2.48,1,0,5,15.04,Colombia-Antioquia-Concepcion,25.95,594,42.11,129.29
130.05,0,7.14,75,3,9,25.84,Colombia-Magdalena-Concordia,39.22,2073,60.0,130.05
73.44,0,5.76,1,0,5,20.92,Colombia-Antioquia-Concordia,39.22,4988,79.07,73.44
80.0,0,5.29,0,0,9,41.67,Colombia-Choco-Condoto,62.58,4159,31.25,80.0
84.14,0,3.7,465,0,39,16.74,Colombia-Santander-Confines,30.13,536,10.0,84.14
91.86,0,0.54,0,5,2,20.46,Colombia-Nariño-Consaca,57.64,1892,31.82,91.86
48.88,0,0.33,0,5,3,20.43,Colombia-Nariño-Contadero,65.45,1741,33.33,48.88
83.01,0,0.94,465,0,39,16.85,Colombia-Santander-Contratacion,29.87,865,36.36,83.01
118.54,0,0.57,294,0,39,13.8,Colombia-Norte_Santander-Convencion,45.1,3226,14.29,118.54
99.96,0,3.26,1,0,5,9.56,Colombia-Antioquia-Copacabana,9.75,12612,91.3,100.02
76.61,0,3.26,222,0,24,20.3,Colombia-Boyaca-Coper,47.03,821,11.54,76.61
101.34,0,7.76,2,0,12,14.19,Colombia-Quindio-Cordoba,70.24,1043,7.69,101.34
109.1,1,3.01,185,1,18,25.88,Colombia-Bolivar-Cordoba,70.24,3275,38.1,109.1
100.26,0,0.31,0,5,3,39.24,Colombia-Nariño-Cordoba,70.24,2715,54.55,100.26
77.08,0,5.64,0,0,43,18.45,Colombia-Cauca-Corinto,53.58,7457,61.22,77.08
59.86,0,0.79,465,0,39,20.48,Colombia-Santander-Coromoro,43.0,1612,16.67,59.86
103.08,4,2.37,41,5,0,16.54,Colombia-Sucre-Corozal,44.84,13475,21.62,103.14
95.45,0,3.58,145,1,33,13.81,Colombia-Boyaca-Corrales,27.95,440,16.67,95.45
0.0,0,2.58,49,7,58,11.52,Colombia-Cundinamarca-Cota,13.88,5193,0.0,0.0
103.09,0,3.27,41,5,0,24.31,Colombia-Cordoba-Cotorra,61.27,3110,75.0,103.15
80.1,0,3.54,181,15,258,32.94,Colombia-Boyaca-Covarachia,79.65,603,5.56,80.1
93.51,1,1.9,41,5,0,33.01,Colombia-Sucre-Coveñas,56.2,3436,42.86,93.68
84.86,0,3.19,8,0,46,38.11,Colombia-Tolima-Coyaima,71.74,7286,40.0,84.86
77.73,0,4.44,219,0,3,31.96,Colombia-Arauca-Cravo_Norte,53.91,961,23.08,77.73
62.27,0,0.37,0,5,3,27.0,Colombia-Nariño-Cuaspud,56.59,2033,64.29,62.27
62.74,0,0.5,301,1,182,24.98,Colombia-Boyaca-Cubara,58.46,1841,13.04,62.74
94.94,0,5.03,308,0,318,19.97,Colombia-Meta-San_Luis_de_Cubarral,31.17,1344,85.71,94.94
68.03,0,0.96,222,0,24,18.08,Colombia-Boyaca-Cucaita,42.91,1176,42.86,68.03
77.24,0,2.15,222,0,24,22.24,Colombia-Cundinamarca-Cucunuba,40.73,1938,35.29,77.24
93.88,564,3.9,294,0,39,11.28,Colombia-Norte_Santander-Cucuta,23.24,142523,62.44,93.97
74.08,0,1.73,294,0,39,15.93,Colombia-Norte_Santander-Cucutilla,58.61,2018,13.64,74.08
79.85,0,2.59,145,1,33,24.51,Colombia-Boyaca-Cuitiva,46.19,407,40.0,79.85
108.52,0,4.06,284,2,147,21.33,Colombia-Meta-Cumaral,23.3,4403,46.67,108.52
75.8,0,9.93,95,2,1,44.42,Colombia-Vichada-Cumaribo,82.43,11553,32.62,75.8
73.14,0,0.37,0,5,3,22.72,Colombia-Nariño-Cumbal,40.34,8355,36.67,73.14
38.8,0,0.19,0,5,2,30.74,Colombia-Nariño-Cumbitara,100.0,3814,4.88,38.8
80.04,2,5.18,2,0,12,27.07,Colombia-Tolima-Cunday,40.54,2279,17.5,80.04
64.78,1,4.69,41,1,139,27.59,Colombia-Caqueta-Curillo,44.58,3143,16.67,64.78
86.8,0,4.12,465,0,39,18.76,Colombia-Santander-Curiti,40.21,2394,18.18,86.8
124.22,3,1.27,149,0,13,16.27,Colombia-Cesar-Curumani,47.89,6329,23.4,124.35
87.45,0,3.92,6,0,0,32.64,Colombia-Antioquia-Dabeiba,66.49,5849,39.29,87.45
108.2,0,2.66,0,0,43,13.67,Colombia-Valle_Del_Cauca-Dagua,24.98,6524,28.38,108.2
72.82,0,1.41,151,0,8,25.54,Colombia-La_Guajira-Dibulla,66.52,8991,33.33,72.82
50.4,1,1.89,237,0,62,22.23,Colombia-La_Guajira-Distraccion,62.88,4040,83.33,50.4
95.68,0,2.59,51,9,44,23.86,Colombia-Tolima-Dolores,45.32,1689,17.86,95.68
79.42,0,5.42,1,0,5,13.51,Colombia-Antioquia-Donmatias,18.72,5174,89.47,79.42
84.36,5,3.36,2,0,12,13.53,Colombia-Risaralda-Dosquebradas,12.94,37855,98.63,84.43
96.1,0,2.33,222,0,24,11.14,Colombia-Boyaca-Duitama,8.99,24604,100.0,96.18
90.24,1,3.33,294,0,39,12.44,Colombia-Norte_Santander-Durania,34.11,830,5.56,90.24
76.44,0,2.78,1,0,5,16.08,Colombia-Antioquia-Ebejico,42.52,2717,84.38,76.44
77.91,0,7.29,0,0,10,16.68,Colombia-Valle_Del_Cauca-El_Aguila,27.27,2214,21.43,77.91
115.26,1,4.65,100,0,23,19.84,Colombia-Antioquia-El_Bagre,50.75,12515,47.83,115.26
101.38,0,2.59,149,0,13,16.56,Colombia-Magdalena-El_Banco,63.65,15065,49.3,101.42
57.57,0,6.16,0,0,10,23.62,Colombia-Valle_Del_Cauca-El_Cairo,29.44,2088,15.79,57.57
86.14,0,3.98,284,2,147,30.1,Colombia-Meta-El_Calvario,20.19,541,21.43,86.14
57.89,0,0.29,0,0,9,60.9,Colombia-Choco-El_Canton_San_Pablo,52.55,2128,46.15,57.89
69.77,0,1.21,179,0,22,17.52,Colombia-Norte_Santander-El_Carmen,66.53,3639,9.64,69.77
46.3,0,3.35,0,0,9,25.9,Colombia-Choco-El_Carmen_de_Atrato,31.7,4166,14.29,46.3
75.78,2,1.73,41,5,0,32.23,Colombia-Bolivar-El_Carmen_de_Bolivar,93.45,19734,29.29,75.88
74.12,0,5.17,465,0,39,17.24,Colombia-Santander-El_Carmen_de_Chucuri,51.08,4254,14.47,74.12
86.19,0,2.07,1,0,5,14.82,Colombia-Antioquia-El_Carmen_de_Viboral,17.96,10967,62.86,86.25
107.2,0,4.48,308,0,318,24.8,Colombia-Meta-El_Castillo,41.35,1458,52.0,107.2
97.28,0,4.23,0,0,43,14.19,Colombia-Valle_Del_Cauca-El_Cerrito,18.69,10221,5.88,97.3
67.31,2,1.04,0,0,156,36.47,Colombia-Nariño-El_Charco,81.0,10848,8.33,67.31
76.41,0,2.07,181,15,258,24.0,Colombia-Boyaca-El_Cocuy,54.67,1208,20.83,76.41
97.69,7,3.48,49,7,58,12.51,Colombia-Cundinamarca-El_Colegio,21.32,4321,51.72,97.76
107.55,1,5.89,234,0,24,20.98,Colombia-Cesar-El_Copey,51.17,7162,30.99,107.67
81.54,6,5.46,16,0,22,23.17,Colombia-Caqueta-El_Doncello,42.34,5483,20.31,81.56
100.66,0,2.53,308,0,318,21.95,Colombia-Meta-El_Dorado,35.98,907,90.0,100.66
87.35,0,1.43,0,0,10,20.39,Colombia-Valle_Del_Cauca-El_Dovio,23.91,1771,28.95,87.35
0.0,0,3.74,49,2,147,56.23,Colombia-Amazonas-El_Encanto,100.0,1493,22.22,0.0
86.48,0,2.96,181,15,258,21.04,Colombia-Boyaca-El_Espino,51.35,614,15.38,86.48
91.65,0,1.28,465,0,39,21.29,Colombia-Santander-El_Guacamayo,36.16,395,23.08,91.65
88.45,0,2.7,75,3,9,24.12,Colombia-Bolivar-El_Guamo,59.11,1688,75.0,88.45
73.9,0,7.22,0,0,9,36.09,Colombia-Choco-El_Litoral_San_Juan,77.55,5242,11.54,73.9
58.74,1,3.07,237,0,62,26.34,Colombia-La_Guajira-El_Molino,56.49,1813,25.0,58.74
138.95,0,4.05,149,0,13,26.48,Colombia-Cesar-El_Paso,61.82,6475,48.15,139.24
56.04,1,4.56,16,0,22,25.38,Colombia-Caqueta-El_Paujil,54.22,5744,14.04,56.04
78.67,0,0.52,0,5,2,20.67,Colombia-Nariño-El_Peñol,54.37,1369,26.67,78.67
78.82,1,1.09,34,0,51,24.14,Colombia-Cundinamarca-El_Peñon,72.86,883,8.0,78.82
81.63,0,3.25,179,0,22,28.67,Colombia-Bolivar-El_Peñon,72.86,2510,47.06,81.63
72.38,0,3.98,465,0,39,32.47,Colombia-Santander-El_Peñon,72.86,1336,6.06,72.38
92.4,0,1.49,75,3,9,22.82,Colombia-Magdalena-El_Piñon,61.63,4144,83.33,92.4
106.63,0,4.0,294,0,39,20.61,Colombia-Santander-El_Playon,44.92,2731,4.26,106.63
89.76,0,2.18,75,3,9,19.24,Colombia-Magdalena-El_Reten,59.22,6115,42.11,89.81
41.28,1,3.71,222,4,55,32.99,Colombia-Guaviare-El_Retorno,100.0,6890,23.08,41.28
80.78,0,2.29,41,5,0,28.09,Colombia-Sucre-El_Roble,71.58,2580,81.25,80.78
97.87,0,1.41,49,7,58,19.7,Colombia-Cundinamarca-El_Rosal,24.68,4276,88.89,97.9
56.76,0,0.96,0,5,2,32.08,Colombia-Nariño-El_Rosario,81.02,2336,10.71,56.76
121.05,0,3.64,1,0,5,11.15,Colombia-Antioquia-El_Santuario,20.73,5358,68.75,121.05
88.5,0,1.92,0,5,2,19.88,Colombia-Nariño-El_Tablon_de_Gomez,50.22,2983,20.45,88.5
88.86,0,2.19,0,5,2,17.89,Colombia-Nariño-El_Tambo,53.45,2576,16.22,88.86
88.52,0,2.15,0,0,44,25.02,Colombia-Cauca-El_Tambo,53.45,10232,27.49,88.52
120.2,0,1.28,294,0,39,25.9,Colombia-Norte_Santander-El_Tarra,73.11,3149,9.59,120.2
92.82,54,0.52,294,0,39,12.8,Colombia-Norte_Santander-El_Zulia,42.93,5643,20.0,92.82
74.74,0,4.38,9,0,16,17.52,Colombia-Huila-Elias,33.27,1057,46.15,74.74
87.78,0,1.18,465,0,39,17.58,Colombia-Santander-Encino,35.35,483,14.29,87.78
106.92,0,3.53,181,15,258,18.36,Colombia-Santander-Enciso,40.87,650,20.0,106.92
89.52,0,3.7,1,0,5,15.39,Colombia-Antioquia-Entrerrios,15.26,2185,92.86,89.57
68.0,0,1.72,1,0,5,7.6,Colombia-Antioquia-Envigado,5.43,40376,91.67,68.83
85.0,23,3.48,49,7,58,17.36,Colombia-Tolima-Espinal,27.93,16711,29.27,85.1
84.83,0,4.82,49,7,58,12.23,Colombia-Cundinamarca-Facatativa,13.09,29220,92.86,85.0
86.5,0,2.1,34,0,51,13.89,Colombia-Tolima-Falan,35.85,2000,50.0,86.5
79.6,0,4.28,15,1,17,21.98,Colombia-Caldas-Filadelfia,26.57,2378,28.13,79.6
80.73,0,6.54,2,0,12,11.89,Colombia-Quindio-Filandia,18.81,2719,0.0,80.73
71.38,0,0.58,145,1,33,13.98,Colombia-Boyaca-Firavitoba,27.59,1146,0.0,71.47
76.24,19,2.49,49,7,58,14.06,Colombia-Tolima-Flandes,21.4,6129,41.18,76.39
93.46,19,6.23,16,0,22,15.71,Colombia-Caqueta-Florencia,26.85,40544,35.9,93.51
82.59,0,0.44,0,5,2,13.51,Colombia-Cauca-Florencia,26.85,1298,29.41,82.59
65.88,0,1.81,145,1,33,24.55,Colombia-Boyaca-Floresta,46.14,888,6.67,65.88
76.34,0,0.9,222,0,24,28.35,Colombia-Santander-Florian,53.85,1475,23.33,76.34
98.69,0,2.95,0,0,43,12.52,Colombia-Valle_Del_Cauca-Florida,21.63,11775,6.52,98.76
89.89,3,2.72,294,0,39,10.56,Colombia-Santander-Floridablanca,9.43,47654,91.8,90.2
87.52,0,2.39,284,2,147,18.76,Colombia-Cundinamarca-Fomeque,30.36,2356,33.33,87.52
115.65,1,3.05,237,0,62,18.72,Colombia-La_Guajira-Fonseca,43.37,7921,11.11,115.68
60.68,2,3.13,222,0,7,22.25,Colombia-Arauca-Fortul,100.0,7325,33.33,60.68
71.31,0,4.02,284,2,147,20.69,Colombia-Cundinamarca-Fosca,38.92,1746,0.0,71.31
45.14,0,0.0,0,0,156,30.72,Colombia-Nariño-Francisco_Pizarro,71.31,4313,12.5,45.14
79.47,0,2.95,15,1,17,14.55,Colombia-Antioquia-Fredonia,24.52,4492,97.14,79.47
92.61,0,3.78,15,1,17,17.57,Colombia-Tolima-Fresno,28.2,6831,27.27,92.61
113.75,0,3.65,3,3,0,20.87,Colombia-Antioquia-Frontino,44.37,4132,49.28,113.75
89.86,0,5.17,308,0,318,26.72,Colombia-Meta-Fuente_de_Oro,39.09,3243,72.41,89.86
113.0,6,5.2,75,3,9,15.15,Colombia-Magdalena-Fundacion,44.14,16005,27.78,113.31
79.75,0,0.7,0,5,2,24.66,Colombia-Nariño-Funes,64.73,1353,29.41,79.75
109.12,0,2.72,49,7,58,12.14,Colombia-Cundinamarca-Funza,13.41,16003,16.67,109.35
113.43,0,2.35,222,0,24,12.82,Colombia-Cundinamarca-Fuquene,23.43,1221,66.67,113.43
93.72,1,4.89,49,7,58,12.65,Colombia-Cundinamarca-Fusagasuga,17.44,25161,100.0,93.76
58.72,0,2.41,284,2,147,21.75,Colombia-Cundinamarca-Gachala,33.67,1497,14.29,58.72
63.33,0,3.27,284,2,147,14.08,Colombia-Cundinamarca-Gachancipa,20.96,3777,60.0,63.54
104.14,0,0.77,222,0,24,21.22,Colombia-Boyaca-Gachantiva,60.35,580,53.85,104.14
77.15,0,1.05,284,2,147,17.96,Colombia-Cundinamarca-Gacheta,38.89,2232,30.0,77.15
109.96,0,2.61,465,0,39,20.52,Colombia-Santander-Galan,42.85,472,31.58,109.96
90.09,1,2.64,75,3,9,23.55,Colombia-Atlantico-Galapa,39.19,10229,100.0,90.32
90.42,0,2.65,41,5,0,23.69,Colombia-Sucre-Galeras,53.11,5050,46.15,90.5
80.17,0,1.99,284,2,147,19.97,Colombia-Cundinamarca-Gama,27.27,696,40.0,80.17
59.63,0,1.01,179,0,22,18.25,Colombia-Cesar-Gamarra,50.52,3718,94.12,59.63
68.91,0,2.54,222,0,24,25.24,Colombia-Santander-Gambita,53.66,1100,19.05,68.91
78.34,0,2.21,145,1,33,22.1,Colombia-Boyaca-Gameza,44.19,1168,7.69,78.34
73.16,0,3.16,222,0,24,16.76,Colombia-Boyaca-Garagoa,23.06,3912,15.0,73.21
71.47,7,6.26,9,0,16,18.14,Colombia-Huila-Garzon,30.93,22528,36.63,71.48
94.67,0,7.61,2,0,12,18.95,Colombia-Quindio-Genova,25.42,1557,9.68,94.67
73.08,1,5.88,9,0,16,16.36,Colombia-Huila-Gigante,30.7,8142,50.0,73.08
115.13,0,4.2,0,0,43,12.66,Colombia-Valle_Del_Cauca-Ginebra,18.1,3443,3.33,115.16
0.0,0,6.6,1,0,5,34.05,Colombia-Antioquia-Giraldo,47.38,918,85.71,0.0
89.2,57,5.09,49,7,58,12.23,Colombia-Cundinamarca-Girardot,20.09,19197,100.0,89.26
67.88,1,3.04,1,0,5,9.81,Colombia-Antioquia-Girardota,15.43,11455,41.94,67.88
72.95,2,2.91,294,0,39,11.69,Colombia-Santander-Giron,15.37,36420,91.8,73.03
61.86,0,3.88,1,0,5,15.08,Colombia-Antioquia-Gomez_Plata,39.45,2572,90.48,61.86
56.52,0,5.1,179,0,22,19.98,Colombia-Cesar-Gonzalez,66.33,1596,65.0,56.52
66.59,0,0.44,294,0,39,13.85,Colombia-Norte_Santander-Gramalote,32.9,1299,7.41,66.59
88.63,0,1.15,1,0,5,17.16,Colombia-Antioquia-Granada,27.26,2041,50.0,88.63
73.89,0,4.93,49,7,58,16.66,Colombia-Cundinamarca-Granada,27.26,1999,45.45,73.89
107.94,1,5.4,308,0,318,28.56,Colombia-Meta-Granada,27.26,14167,97.73,107.96
84.34,0,2.01,181,15,258,19.02,Colombia-Santander-Guaca,44.71,1245,13.89,84.34
89.16,0,0.65,181,15,258,28.24,Colombia-Boyaca-Guacamayas,62.69,323,20.0,89.16
86.99,0,3.48,0,0,43,13.06,Colombia-Valle_Del_Cauca-Guacari,21.42,6256,20.0,86.99
65.98,0,0.63,0,0,43,25.26,Colombia-Cauca-Guachene,26.23,5026,70.59,65.98
106.01,0,1.77,222,0,24,17.58,Colombia-Cundinamarca-Guacheta,32.82,2361,37.5,106.01
98.95,0,0.26,0,5,3,20.25,Colombia-Nariño-Guachucal,39.89,2854,75.0,98.95
109.36,1,5.36,0,0,43,12.24,Colombia-Valle_Del_Cauca-Guadalajara_de_Buga,11.56,19431,60.32,109.43
87.3,0,1.75,465,0,39,19.34,Colombia-Santander-Guadalupe,32.08,1110,18.18,87.3
99.84,0,1.49,1,0,5,23.53,Colombia-Antioquia-Guadalupe,32.08,1234,70.59,99.84
77.52,1,4.71,9,0,16,18.08,Colombia-Huila-Guadalupe,32.08,5481,24.0,77.52
58.87,3,2.37,34,0,51,13.43,Colombia-Cundinamarca-Guaduas,29.84,8582,8.06,58.96
79.11,0,1.72,0,5,2,19.15,Colombia-Nariño-Guaitarilla,54.29,2341,33.33,79.11
102.67,0,1.54,0,5,3,21.82,Colombia-Nariño-Gualmatan,47.44,1122,30.77,102.67
90.8,0,2.32,185,1,18,17.94,Colombia-Magdalena-Guamal,63.88,6998,57.14,91.33
134.02,1,3.36,308,0,318,20.71,Colombia-Meta-Guamal,63.88,1940,76.92,134.28
87.13,3,3.22,49,7,58,23.22,Colombia-Tolima-Guamo,33.94,6815,26.42,87.13
81.43,0,0.88,0,0,217,32.21,Colombia-Cauca-Guapi,87.42,9300,15.38,81.43
89.39,0,3.41,465,0,39,13.64,Colombia-Santander-Guapota,21.67,443,28.57,89.39
87.0,0,3.93,303,0,13,33.69,Colombia-Sucre-Guaranda,76.94,4638,53.33,87.04
63.26,0,2.88,1,0,5,12.11,Colombia-Antioquia-Guarne,17.73,10567,51.61,63.3
92.74,0,4.16,284,2,147,16.38,Colombia-Cundinamarca-Guasca,18.52,3428,11.11,92.77
120.7,0,2.37,1,0,5,15.36,Colombia-Antioquia-Guatape,14.51,1053,42.86,120.7
71.36,1,5.65,49,7,58,22.2,Colombia-Cundinamarca-Guataqui,47.11,604,37.5,71.36
72.14,0,1.58,284,2,147,13.41,Colombia-Cundinamarca-Guatavita,22.93,1475,6.67,72.14
100.69,0,1.7,222,0,24,12.83,Colombia-Boyaca-Guateque,25.96,1880,21.43,100.74
76.8,0,3.08,15,1,17,19.31,Colombia-Risaralda-Guatica,25.69,3104,30.95,76.8
68.58,0,1.97,222,0,24,27.63,Colombia-Santander-Guavata,36.27,767,5.56,68.58
93.25,0,2.62,49,7,58,13.59,Colombia-Cundinamarca-Guayabal_de_Siquima,27.6,800,23.08,93.25
0.0,0,2.83,284,2,147,21.74,Colombia-Cundinamarca-Guayabetal,31.69,943,13.64,0.0
70.79,0,1.56,222,0,24,23.04,Colombia-Boyaca-Guayata,48.08,760,6.67,70.92
110.83,0,2.6,465,0,39,19.33,Colombia-Santander-Güepsa,0.0,757,80.0,110.83
34.67,0,1.73,181,15,258,32.49,Colombia-Boyaca-Güican,0.0,2016,4.76,34.67
74.83,0,0.59,49,7,58,19.68,Colombia-Cundinamarca-Gutierrez,46.75,866,14.29,74.83
65.68,0,0.15,294,0,39,28.89,Colombia-Norte_Santander-Hacari,79.18,2960,7.94,65.68
92.7,0,3.61,185,1,18,29.45,Colombia-Bolivar-Hatillo_de_Loba,78.35,3316,58.82,92.7
94.32,0,0.49,465,0,39,19.97,Colombia-Santander-Hato,45.09,440,9.09,94.32
92.12,0,4.2,308,0,318,46.03,Colombia-Casanare-Hato_Corozal,57.31,3350,24.59,92.12
56.57,0,2.64,224,0,45,26.54,Colombia-La_Guajira-Hatonuevo,58.69,6503,14.29,56.59
76.21,0,4.67,1,0,5,17.15,Colombia-Antioquia-Heliconia,34.27,1345,87.5,76.21
46.06,1,0.79,294,0,39,12.03,Colombia-Norte_Santander-Herran,38.11,812,7.69,46.06
84.1,0,4.26,15,1,17,16.53,Colombia-Tolima-Herveo,23.43,1780,16.13,84.1
103.06,1,4.28,15,1,17,17.74,Colombia-Antioquia-Hispania,28.26,947,100.0,103.06
96.62,4,10.39,9,0,16,18.67,Colombia-Huila-Hobo,32.68,1626,62.5,96.62
85.7,2,4.19,34,0,51,14.08,Colombia-Tolima-Honda,18.83,4950,60.0,85.7
85.89,61,3.46,2,0,12,12.64,Colombia-Tolima-Ibague,16.23,114652,45.87,86.02
95.56,1,4.47,49,7,58,18.79,Colombia-Tolima-Icononzo,34.75,2408,48.57,95.56
79.75,0,0.48,0,5,3,22.31,Colombia-Nariño-Iles,60.19,1704,18.18,79.75
95.18,0,0.74,0,5,2,19.72,Colombia-Nariño-Imues,55.43,1287,43.48,95.18
107.39,0,6.1,45,0,51,33.21,Colombia-Guainia-Inirida,57.53,5464,35.14,107.39
71.2,0,3.31,0,0,44,27.86,Colombia-Cauca-Inza,68.44,8414,46.67,71.2
76.41,1,1.15,0,5,3,15.33,Colombia-Nariño-Ipiales,30.66,30723,76.83,76.43
82.62,2,6.37,9,0,16,24.17,Colombia-Huila-Iquira,44.29,2837,29.03,82.62
79.89,0,2.63,3,0,0,23.27,Colombia-Huila-Isnos,46.63,6578,18.33,79.89
121.2,0,5.0,0,0,9,60.9,Colombia-Choco-Istmina,88.08,6835,41.46,121.2
73.06,4,2.57,1,0,5,7.77,Colombia-Antioquia-Itagüi,0.0,51046,100.0,73.34
96.64,0,5.26,0,5,6,27.95,Colombia-Antioquia-Ituango,65.22,5797,49.48,96.64
68.59,0,4.23,145,1,33,13.81,Colombia-Boyaca-Iza,23.22,417,0.0,68.59
73.86,0,3.7,0,0,44,25.52,Colombia-Cauca-Jambalo,72.95,4878,71.43,73.86
86.29,0,4.54,0,0,43,12.67,Colombia-Valle_Del_Cauca-Jamundi,15.63,23829,64.71,86.3
89.01,0,4.65,15,1,17,14.21,Colombia-Antioquia-Jardin,24.28,3057,95.24,89.01
74.96,0,0.99,222,0,24,16.28,Colombia-Boyaca-Jenesano,41.83,1685,11.11,74.96
87.42,0,2.7,15,1,17,16.42,Colombia-Antioquia-Jerico,27.06,2512,89.66,87.42
80.71,0,3.26,222,0,24,22.81,Colombia-Boyaca-Jerico,27.06,845,63.16,80.71
66.67,1,1.24,49,7,58,21.82,Colombia-Cundinamarca-Jerusalen,51.14,672,41.67,66.67
91.4,0,0.99,222,0,24,23.13,Colombia-Santander-Jesus_Maria,43.72,698,0.0,91.4
124.89,0,1.77,465,0,39,32.36,Colombia-Santander-Jordan,60.81,225,12.5,124.89
93.37,0,0.82,49,0,39,19.28,Colombia-Atlantico-Juan_de_Acosta,30.95,3620,87.5,93.45
62.8,0,1.48,284,2,147,19.26,Colombia-Cundinamarca-Junin,34.11,1688,18.52,62.8
111.91,0,4.89,26,0,46,58.18,Colombia-Choco-Jurado,86.21,974,5.56,111.91
68.51,0,2.03,0,0,1,25.32,Colombia-Cordoba-La_Apartada,53.65,4061,57.14,68.51
86.25,0,5.77,9,0,16,19.28,Colombia-Huila-La_Argentina,44.67,3636,32.35,86.25
66.4,0,2.42,222,0,24,24.19,Colombia-Santander-La_Belleza,34.02,1908,17.86,66.4
132.75,0,4.87,284,2,147,12.45,Colombia-Cundinamarca-La_Calera,13.36,5570,25.81,136.09
94.24,0,0.44,222,0,24,15.26,Colombia-Boyaca-La_Capilla,25.3,469,0.0,94.24
91.38,0,2.0,1,0,5,10.46,Colombia-Antioquia-La_Ceja,13.75,11095,60.87,91.44
70.26,7,5.95,0,0,9,14.61,Colombia-Risaralda-La_Celia,24.27,1839,23.33,70.26
54.17,0,5.26,49,2,311,51.39,Colombia-Amazonas-La_Chorrera,52.89,1176,0.0,54.17
82.27,0,0.46,3,0,0,21.91,Colombia-Nariño-La_Cruz,71.67,3598,23.26,82.27
109.56,0,3.16,0,0,43,17.12,Colombia-Valle_Del_Cauca-La_Cumbre,22.69,2018,28.57,109.56
80.59,1,4.96,34,0,51,14.03,Colombia-Caldas-La_Dorada,25.07,16331,31.03,80.61
68.63,0,0.88,294,0,39,12.2,Colombia-Norte_Santander-La_Esperanza,60.74,3443,12.31,68.69
95.99,0,3.46,1,0,5,10.99,Colombia-Antioquia-La_Estrella,11.64,12510,100.0,96.76
80.9,0,0.3,0,5,2,16.7,Colombia-Nariño-La_Florida,46.21,1932,21.21,80.9
93.84,0,4.09,179,0,22,21.23,Colombia-Cesar-La_Gloria,54.77,3391,21.05,93.84
56.36,0,6.06,14,1,137,38.85,Colombia-Guainia-La_Guadalupe,100.0,110,0.0,56.36
0.0,0,4.94,149,0,13,23.4,Colombia-Cesar-La_Jagua_de_Ibirico,55.65,5759,20.0,0.0
87.67,0,0.47,234,0,24,19.1,Colombia-La_Guajira-La_Jagua_del_Pilar,66.75,681,50.0,87.67
63.81,0,1.14,0,5,2,14.76,Colombia-Nariño-La_Llanada,37.12,1390,0.0,63.81
43.14,0,6.13,207,41,177,25.17,Colombia-Meta-La_Macarena,100.0,8453,4.04,43.14
110.0,0,4.52,15,1,17,17.39,Colombia-Caldas-La_Merced,25.78,1150,30.77,110.0
91.1,2,3.12,49,7,58,12.89,Colombia-Cundinamarca-La_Mesa,23.69,6204,46.15,91.18
53.87,1,4.81,16,0,22,26.35,Colombia-Caqueta-La_Montañita,65.29,6605,10.48,53.87
77.48,1,2.74,34,0,51,13.8,Colombia-Cundinamarca-La_Palma,42.75,2105,15.79,77.48
77.01,1,0.88,465,0,39,18.98,Colombia-Santander-La_Paz,39.08,1018,4.35,77.01
103.87,0,4.85,234,0,24,25.4,Colombia-Cesar-La_Paz,39.08,6144,18.46,103.92
56.76,0,1.32,309,1,230,56.49,Colombia-Amazonas-La_Pedrera,58.8,1605,20.0,56.76
67.54,0,0.72,34,0,51,24.98,Colombia-Cundinamarca-La_Peña,68.49,1377,29.17,67.54
108.37,0,10.36,15,1,17,15.53,Colombia-Antioquia-La_Pintada,37.63,1421,80.0,108.37
85.98,1,3.97,9,0,16,20.94,Colombia-Huila-La_Plata,44.51,16232,28.13,86.0
81.1,0,0.0,294,0,39,20.65,Colombia-Norte_Santander-La_Playa,50.83,1894,6.82,81.1
58.35,2,6.94,171,5,4,23.93,Colombia-Vichada-La_Primavera,100.0,4341,93.75,58.35
76.73,0,2.0,181,15,258,35.48,Colombia-Casanare-La_Salina,51.15,361,12.5,76.73
88.87,0,2.75,0,0,44,22.05,Colombia-Cauca-La_Sierra,56.91,2013,29.79,88.87
70.24,1,8.46,2,0,12,14.12,Colombia-Quindio-La_Tebaida,22.38,9473,0.0,70.24
46.44,0,0.09,0,0,156,39.23,Colombia-Nariño-La_Tola,91.46,3938,14.29,46.44
75.23,0,1.44,0,0,10,12.37,Colombia-Valle_Del_Cauca-La_Union,18.41,7097,8.0,75.24
95.41,0,0.38,0,0,1,33.04,Colombia-Sucre-La_Union,18.41,2746,37.04,95.41
98.77,0,0.23,0,5,2,19.39,Colombia-Nariño-La_Union,18.41,5275,45.0,98.77
95.42,0,2.48,15,1,17,13.29,Colombia-Antioquia-La_Union,18.41,4301,26.92,95.42
95.03,0,0.19,181,15,258,21.49,Colombia-Boyaca-La_Uvita,49.63,503,23.08,95.03
103.83,2,2.22,49,7,58,13.23,Colombia-Cundinamarca-La_Vega,24.8,2791,9.68,103.87
0.0,0,1.54,0,0,44,29.13,Colombia-Cauca-La_Vega,24.8,10464,38.89,29.47
0.0,0,0.0,55,5,72,91.97,Colombia-Amazonas-La_Victoria,100.0,396,0.0,0.0
86.99,0,0.77,0,0,10,13.32,Colombia-Valle_Del_Cauca-La_Victoria,100.0,2306,16.67,86.99
60.26,0,2.98,34,0,51,16.0,Colombia-Boyaca-La_Victoria,100.0,380,20.0,60.26
89.18,4,5.02,2,0,12,16.47,Colombia-Risaralda-La_Virginia,23.7,6536,80.0,89.2
66.94,2,1.67,294,0,39,15.8,Colombia-Norte_Santander-Labateca,42.94,1440,14.81,66.94
55.74,4,8.35,145,1,33,29.55,Colombia-Boyaca-Labranzagrande,70.15,940,4.55,55.74
69.06,0,1.42,465,0,39,28.13,Colombia-Santander-Landazuri,48.87,3549,9.26,69.06
91.62,6,2.03,294,0,39,12.33,Colombia-Santander-Lebrija,25.99,8451,22.81,91.63
139.16,0,9.72,81,0,80,21.56,Colombia-Putumayo-Puerto_Leguizamo,37.82,4035,20.65,139.16
49.1,0,0.34,0,5,2,22.15,Colombia-Nariño-Leiva,64.26,3817,4.76,49.1
103.66,0,5.72,51,9,44,26.75,Colombia-Meta-Lejanias,38.39,2265,92.86,103.66
79.12,0,2.05,222,0,24,16.43,Colombia-Cundinamarca-Lenguazaque,32.41,2256,16.67,79.17
97.93,2,3.93,49,7,58,21.33,Colombia-Tolima-Lerida,27.35,3568,37.5,97.93
113.17,7,5.45,0,0,6,42.72,Colombia-Amazonas-Leticia,37.65,11082,31.58,113.24
89.6,0,4.34,2,0,12,21.33,Colombia-Tolima-Libano,29.83,8790,18.42,89.62
104.63,0,2.45,1,0,5,17.46,Colombia-Antioquia-Liborina,35.23,1923,58.82,104.63
81.5,0,0.63,0,5,2,20.84,Colombia-Nariño-Linares,53.94,2000,25.0,81.5
75.78,1,3.17,0,0,9,60.96,Colombia-Choco-Lloro,71.78,3332,15.56,75.78
91.57,0,0.76,0,0,217,27.8,Colombia-Cauca-Lopez_de_Micay,44.81,5753,25.0,91.57
88.33,2,1.37,41,5,0,19.99,Colombia-Cordoba-Lorica,64.7,27877,30.66,88.41
0.0,0,1.63,0,5,2,21.74,Colombia-Nariño-Los_Andes,68.49,6323,16.67,29.23
59.39,0,1.31,13,2,0,33.36,Colombia-Cordoba-Los_Cordobas,85.38,6663,48.28,59.39
112.71,0,1.53,41,5,0,22.61,Colombia-Sucre-Los_Palmitos,54.68,4163,50.0,112.78
82.78,23,2.11,294,0,39,11.06,Colombia-Norte_Santander-Los_Patios,18.73,16060,40.0,82.82
95.05,0,2.8,465,0,39,16.53,Colombia-Santander-Los_Santos,40.44,2587,23.33,95.05
79.28,0,0.47,294,0,39,15.5,Colombia-Norte_Santander-Lourdes,35.19,801,10.53,79.28
89.87,0,0.83,49,0,39,15.71,Colombia-Atlantico-Luruaco,50.54,6266,73.33,89.87
68.92,0,3.77,222,0,24,15.25,Colombia-Boyaca-Macanal,35.23,978,5.0,68.92
97.01,0,1.81,181,15,258,33.88,Colombia-Santander-Macaravita,69.27,435,46.67,97.01
135.17,3,6.69,62,2,23,14.62,Colombia-Antioquia-Maceo,35.42,1376,60.0,135.17
90.17,0,0.43,49,7,58,21.8,Colombia-Cundinamarca-Macheta,45.07,1272,15.38,90.17
93.86,0,2.57,49,7,58,12.43,Colombia-Cundinamarca-Madrid,13.62,17391,21.05,94.08
98.63,2,4.07,185,1,18,20.43,Colombia-Bolivar-Magangue,54.39,29378,32.1,98.73
50.84,0,0.41,0,0,63,36.48,Colombia-Nariño-Magüi,0.0,6393,16.67,50.84
95.18,0,2.24,49,0,39,21.98,Colombia-Bolivar-Mahates,53.68,5971,72.0,95.19
91.2,0,1.2,224,0,45,28.99,Colombia-La_Guajira-Maicao,68.36,43118,25.54,91.24
102.82,0,1.68,303,0,13,27.09,Colombia-Sucre-Majagual,73.96,8232,47.78,102.85
115.76,0,1.27,181,15,258,14.84,Colombia-Santander-Malaga,21.24,3572,20.83,115.76
80.35,6,1.79,75,3,9,18.84,Colombia-Atlantico-Malambo,31.84,27583,5.56,80.59
65.27,0,0.13,0,5,2,31.82,Colombia-Nariño-Mallama,46.06,2070,31.82,65.27
114.03,0,0.65,75,3,9,31.44,Colombia-Atlantico-Manati,57.14,3008,83.33,114.03
59.05,0,4.47,234,0,24,19.15,Colombia-Cesar-Manaure_Balcon_del_Cesar,55.29,3915,50.0,59.05
68.6,1,2.23,224,0,45,54.38,Colombia-La_Guajira-Manaure,55.29,29621,10.81,68.6
125.6,1,4.97,202,0,55,23.58,Colombia-Casanare-Mani,35.24,2625,41.94,125.6
82.89,1,3.41,15,1,17,11.45,Colombia-Caldas-Manizales,10.03,66895,91.24,82.95
57.91,0,1.83,222,0,24,18.52,Colombia-Cundinamarca-Manta,37.61,1074,25.0,57.91
62.61,0,2.32,15,1,17,14.54,Colombia-Caldas-Manzanares,28.13,5106,18.37,62.61
38.46,0,6.38,222,4,55,40.3,Colombia-Meta-Mapiripan,100.0,3843,53.57,38.46
0.0,0,4.56,128,0,18,38.85,Colombia-Guainia-Mapiripana,100.0,841,100.0,28.3
85.03,0,3.39,185,1,18,27.34,Colombia-Bolivar-Margarita,76.03,2491,52.17,85.03
86.77,2,1.87,41,5,0,23.76,Colombia-Bolivar-Maria_la_Baja,59.99,12463,68.89,86.77
87.06,0,3.91,1,0,5,10.89,Colombia-Antioquia-Marinilla,14.56,12536,80.0,87.09
63.05,0,2.19,34,0,51,18.79,Colombia-Boyaca-Maripi,47.63,1908,16.13,63.05
103.9,6,4.85,34,0,51,14.79,Colombia-Tolima-San_Sebastian_de_Mariquita,23.5,6919,15.56,103.95
84.91,9,3.38,15,1,17,17.88,Colombia-Caldas-Marmato,35.99,2240,56.25,84.91
72.55,4,3.04,15,1,17,14.61,Colombia-Caldas-Marquetalia,26.9,3640,34.69,72.55
69.7,1,7.67,2,0,12,20.59,Colombia-Risaralda-Marsella,28.2,4676,48.72,69.7
49.52,0,5.08,15,1,17,15.61,Colombia-Caldas-Marulanda,21.43,834,9.09,49.52
103.42,0,1.69,294,0,39,14.46,Colombia-Santander-Matanza,30.39,1082,28.57,103.42
105.21,44,3.58,1,0,5,13.69,Colombia-Antioquia-Medellin,12.42,371407,98.02,105.4
72.84,0,2.58,284,2,147,19.37,Colombia-Cundinamarca-Medina,42.76,2445,13.33,72.84
0.0,0,4.62,0,0,9,45.12,Colombia-Choco-Medio_Atrato,100.0,7196,10.2,0.0
71.79,0,8.05,0,0,3,50.07,Colombia-Choco-Medio_Baudo,100.0,4041,15.79,71.79
52.34,0,5.08,0,0,9,51.28,Colombia-Choco-Medio_San_Juan,58.2,4610,36.0,52.34
105.05,8,2.54,49,7,58,14.06,Colombia-Tolima-Melgar,16.58,8132,8.0,105.15
70.31,1,0.39,0,5,2,21.19,Colombia-Cauca-Mercaderes,69.05,4018,45.28,70.31
77.5,0,4.32,51,9,44,21.62,Colombia-Meta-Mesetas,100.0,2885,35.71,77.5
57.66,0,1.37,16,0,22,28.38,Colombia-Caqueta-Milan,60.77,3356,19.67,57.66
0.0,0,5.05,81,0,94,49.3,Colombia-Guaviare-Miraflores,44.39,3332,22.73,30.1
78.85,1,1.74,222,0,24,13.08,Colombia-Boyaca-Miraflores,44.39,1934,4.55,78.85
58.83,0,3.32,0,0,43,17.56,Colombia-Cauca-Miranda,50.28,10054,54.29,58.84
54.26,0,0.0,55,5,72,91.97,Colombia-Amazonas-Miriti_Parana,100.0,481,0.0,54.26
76.42,1,8.35,15,1,17,26.77,Colombia-Risaralda-Mistrato,45.01,4551,33.93,76.42
64.11,0,6.89,165,0,141,36.44,Colombia-Vaupes-Mitu,51.78,9255,25.3,64.11
107.85,10,3.26,3,0,0,18.02,Colombia-Putumayo-Mocoa,27.91,10236,49.12,107.9
89.41,0,1.17,181,15,258,20.52,Colombia-Santander-Mogotes,49.42,2437,16.28,89.41
74.18,0,2.65,181,15,258,19.52,Colombia-Santander-Molagavita,49.0,1061,7.41,74.18
98.14,0,1.29,0,0,1,20.86,Colombia-Cordoba-Momil,63.87,3395,70.0,98.26
97.76,1,3.3,185,1,18,25.23,Colombia-Bolivar-Mompos,51.63,11141,84.21,97.77
80.48,0,2.64,145,1,33,24.05,Colombia-Boyaca-Mongua,47.14,1081,0.0,80.48
78.59,0,2.55,145,1,33,17.6,Colombia-Boyaca-Mongui,30.14,1135,0.0,78.59
91.3,2,2.58,222,0,24,13.3,Colombia-Boyaca-Moniquira,30.88,4471,33.33,91.3
89.22,0,1.84,56,8,0,26.06,Colombia-Cordoba-Moñitos,77.14,7308,33.33,89.22
91.12,0,0.86,15,1,17,17.0,Colombia-Antioquia-Montebello,33.97,1340,75.0,91.12
47.73,0,1.06,303,0,13,24.01,Colombia-Bolivar-Montecristo,68.33,5451,28.21,47.73
93.8,13,2.03,0,5,6,26.28,Colombia-Cordoba-Montelibano,49.1,20468,32.26,93.8
78.19,1,9.25,2,0,12,16.35,Colombia-Quindio-Montenegro,22.86,8464,0.0,78.19
98.72,43,3.34,0,0,1,21.17,Colombia-Cordoba-Monteria,44.51,98442,49.8,98.85
97.3,1,3.25,202,0,55,23.25,Colombia-Casanare-Monterrey,27.24,3553,38.46,97.33
70.84,2,3.51,179,0,22,18.72,Colombia-Bolivar-Morales,62.29,5491,32.2,70.84
103.73,0,6.06,0,0,44,25.39,Colombia-Cauca-Morales,62.29,6333,30.56,103.73
74.81,2,2.3,16,0,22,19.71,Colombia-Caqueta-Morelia,40.27,1044,15.79,74.81
38.83,0,0.0,156,18,5,81.19,Colombia-Guainia-Morichal,100.0,376,0.0,38.83
79.3,1,1.08,41,5,0,30.71,Colombia-Sucre-Morroa,61.48,3348,36.84,79.3
127.2,0,3.74,49,7,58,11.51,Colombia-Cundinamarca-Mosquera,11.06,18503,90.0,127.6
38.69,0,0.0,0,0,156,27.25,Colombia-Nariño-Mosquera,11.06,4970,5.71,38.69
54.01,0,2.91,222,0,24,24.67,Colombia-Boyaca-Motavita,50.19,1770,20.0,54.01
63.48,0,0.59,2,0,12,19.77,Colombia-Tolima-Murillo,39.61,1243,17.86,63.48
115.99,0,1.38,3,3,0,46.59,Colombia-Antioquia-Murindo,97.08,1032,5.88,115.99
94.26,1,3.42,6,0,0,26.99,Colombia-Antioquia-Mutata,60.74,5072,12.12,94.26
88.52,0,0.13,294,0,39,16.91,Colombia-Norte_Santander-Mutiscua,37.41,854,40.0,88.52
84.02,6,2.01,34,0,51,14.07,Colombia-Boyaca-Muzo,45.67,2196,16.67,84.02
60.62,0,2.23,0,5,2,19.39,Colombia-Nariño-Nariño,34.22,998,66.67,60.62
56.02,0,4.63,15,1,17,17.91,Colombia-Antioquia-Nariño,34.22,4045,21.28,56.02
80.96,2,0.25,49,7,58,18.25,Colombia-Cundinamarca-Nariño,34.22,478,60.0,80.96
93.23,0,2.3,9,0,16,18.45,Colombia-Huila-Nataga,42.28,1595,34.78,93.23
70.46,1,5.19,8,0,46,24.12,Colombia-Tolima-Natagaima,47.04,4591,27.78,70.49
99.92,0,5.32,303,0,13,22.32,Colombia-Antioquia-Nechi,68.13,6528,35.29,99.92
88.59,1,4.19,13,2,0,34.55,Colombia-Antioquia-Necocli,77.8,16573,55.0,88.59
51.44,0,3.65,15,1,17,16.62,Colombia-Caldas-Neira,22.56,7453,18.18,51.44
101.05,185,5.51,9,0,16,13.66,Colombia-Huila-Neiva,17.7,68586,62.05,101.25
89.58,0,3.93,222,0,24,13.12,Colombia-Cundinamarca-Nemocon,17.16,3301,60.0,89.64
48.26,5,1.92,49,7,58,19.87,Colombia-Cundinamarca-Nilo,24.01,3506,0.0,48.29
36.64,0,0.51,34,0,51,14.29,Colombia-Cundinamarca-Nimaima,29.0,1463,8.33,36.64
71.3,0,2.23,145,1,33,12.84,Colombia-Boyaca-Nobsa,13.54,3802,75.0,71.3
73.66,0,2.15,34,0,51,13.26,Colombia-Cundinamarca-Nocaima,35.27,1310,42.11,73.66
86.38,0,3.51,34,0,51,15.38,Colombia-Caldas-Norcasia,36.66,1623,26.32,86.38
78.47,0,2.44,303,0,13,21.71,Colombia-Bolivar-Norosi,88.81,1616,13.64,78.47
77.18,0,4.27,0,0,10,35.31,Colombia-Choco-Novita,66.19,2340,13.51,77.18
114.46,0,4.47,185,1,18,31.5,Colombia-Magdalena-Nueva_Granada,83.0,5057,9.52,114.65
67.04,0,1.87,222,0,24,16.85,Colombia-Boyaca-Nuevo_Colon,28.48,1499,15.38,67.04
77.84,0,2.86,145,1,33,40.74,Colombia-Casanare-Nunchia,64.02,2274,16.67,77.84
70.54,0,1.82,0,0,3,25.03,Colombia-Choco-Nuqui,45.24,2573,23.81,70.54
58.22,0,0.3,2,0,12,14.66,Colombia-Valle_Del_Cauca-Obando,30.67,3186,14.29,58.22
81.53,0,1.86,465,0,39,17.86,Colombia-Santander-Ocamonte,24.79,996,5.26,81.53
87.48,2,1.86,294,0,39,11.52,Colombia-Norte_Santander-Ocaña,26.16,22351,25.2,87.51
75.93,0,1.46,465,0,39,21.87,Colombia-Santander-Oiba,39.6,2738,14.81,75.93
59.63,0,1.58,222,0,24,18.52,Colombia-Boyaca-Oicata,51.64,701,0.0,59.63
74.54,0,2.15,1,0,5,20.12,Colombia-Antioquia-Olaya,40.63,758,90.0,74.54
63.49,0,0.4,0,0,156,32.6,Colombia-Nariño-Olaya_Herrera,65.56,9696,9.68,63.49
67.3,0,1.5,181,15,258,23.5,Colombia-Santander-Onzaga,53.78,1159,12.5,67.3
65.12,0,3.06,9,0,16,25.15,Colombia-Huila-Oporapa,53.3,4034,18.52,65.12
60.0,1,5.71,0,0,1,24.01,Colombia-Putumayo-Orito,51.11,15501,24.44,60.01
115.98,2,5.34,161,8,17,39.07,Colombia-Casanare-Orocue,62.83,2265,20.0,115.98
90.82,2,2.29,8,0,46,34.94,Colombia-Tolima-Ortega,64.04,8059,27.1,90.82
62.65,0,0.71,0,5,2,21.12,Colombia-Nariño-Ospina,59.19,1676,41.18,62.65
57.91,1,5.4,34,0,51,14.07,Colombia-Boyaca-Otanche,50.66,2868,17.07,57.91
100.53,0,2.12,41,5,0,29.83,Colombia-Sucre-Ovejas,55.5,5129,67.5,100.55
75.56,0,1.83,222,0,24,15.35,Colombia-Boyaca-Pachavita,37.0,495,9.09,75.56
82.66,1,3.28,34,0,51,13.38,Colombia-Cundinamarca-Pacho,22.22,5958,28.57,82.66
52.32,0,0.0,55,5,72,51.86,Colombia-Vaupes-Pacoa,100.0,1661,33.33,52.32
68.0,0,3.03,15,1,17,19.02,Colombia-Caldas-Pacora,24.88,3447,20.0,68.0
98.07,0,4.66,0,0,43,13.74,Colombia-Cauca-Padilla,22.17,1811,71.43,98.07
78.19,1,2.68,222,0,24,20.12,Colombia-Boyaca-Paez,38.15,729,4.17,78.19
88.9,0,3.03,9,0,16,28.08,Colombia-Cauca-Paez,38.15,9806,48.11,88.9
94.48,0,2.6,9,0,16,23.74,Colombia-Huila-Paicol,38.44,1394,40.0,94.48
95.32,0,2.57,179,0,22,21.02,Colombia-Cesar-Pailitas,51.27,4187,46.43,95.32
95.32,0,6.92,34,0,51,26.03,Colombia-Cundinamarca-Paime,59.72,876,7.89,95.32
99.94,0,2.42,222,0,24,12.56,Colombia-Boyaca-Paipa,18.07,6746,19.51,100.04
127.36,1,2.89,145,1,33,16.39,Colombia-Boyaca-Pajarito,41.63,329,40.0,127.36
79.07,8,5.2,9,0,16,16.02,Colombia-Huila-Palermo,30.22,7496,32.69,79.14
74.25,3,3.26,15,1,17,15.87,Colombia-Caldas-Palestina,44.97,3992,42.11,74.25
88.97,0,3.39,3,0,0,21.39,Colombia-Huila-Palestina,44.97,2883,15.0,88.97
41.39,0,0.34,465,0,39,18.8,Colombia-Santander-Palmar,46.39,662,0.0,41.39
99.26,0,1.12,75,3,9,21.96,Colombia-Atlantico-Palmar_de_Varela,37.66,5544,100.0,99.44
97.09,0,1.51,465,0,39,23.71,Colombia-Santander-Palmas_del_Socorro,29.15,447,11.11,97.09
97.73,3,4.13,0,0,43,11.29,Colombia-Valle_Del_Cauca-Palmira,12.75,52226,90.43,97.82
82.56,0,0.75,41,5,0,18.68,Colombia-Sucre-Palmito,73.37,3888,56.52,82.56
81.59,0,3.16,15,1,17,25.3,Colombia-Tolima-Palocabildo,38.0,2075,54.17,81.59
66.93,2,1.5,294,0,39,11.2,Colombia-Norte_Santander-Pamplona,15.05,12206,19.15,66.99
80.94,0,1.58,294,0,39,11.01,Colombia-Norte_Santander-Pamplonita,44.8,1102,0.0,80.94
0.0,0,0.0,197,62,29,81.19,Colombia-Guainia-Pana_Pana,100.0,1039,0.0,0.0
71.55,0,2.37,49,7,58,19.94,Colombia-Cundinamarca-Pandi,35.98,1174,23.08,71.55
0.0,0,2.13,181,15,258,20.16,Colombia-Boyaca-Panqueba,46.93,278,11.11,141.73
0.0,0,0.0,165,0,141,34.91,Colombia-Vaupes-Papunaua,100.0,216,0.0,0.0
81.46,0,0.59,465,0,39,13.1,Colombia-Santander-Paramo,25.64,1014,25.0,81.46
113.04,0,4.2,284,2,147,17.32,Colombia-Cundinamarca-Paratebueno,38.88,1794,9.68,113.04
84.98,0,3.21,49,7,58,13.45,Colombia-Cundinamarca-Pasca,26.24,2803,19.35,84.98
82.88,1,1.9,0,5,2,14.42,Colombia-Nariño-Pasto,16.2,83967,78.0,82.94
73.0,0,3.15,0,0,44,19.07,Colombia-Cauca-Patia,34.39,8683,46.07,73.0
62.94,0,3.87,222,0,24,16.52,Colombia-Boyaca-Pauna,61.74,2631,17.5,62.94
108.07,0,3.49,145,1,33,30.08,Colombia-Boyaca-Paya,82.42,483,13.33,108.07
120.74,0,4.25,164,3,19,27.46,Colombia-Casanare-Paz_de_Ariporo,43.56,6900,11.69,120.74
72.66,0,0.69,145,1,33,14.05,Colombia-Boyaca-Paz_de_Rio,27.61,1068,15.38,72.66
109.67,0,5.45,75,3,9,28.49,Colombia-Magdalena-Pedraza,68.58,1976,53.85,109.67
93.1,0,5.48,179,0,22,23.47,Colombia-Cesar-Pelaya,55.36,4752,19.05,93.1
93.22,0,1.73,1,0,5,14.11,Colombia-Antioquia-Peñol,0.0,3540,95.65,93.22
63.68,2,4.02,15,1,17,9.73,Colombia-Caldas-Pensilvania,23.61,5746,8.7,63.68
69.07,0,5.66,0,5,6,26.06,Colombia-Antioquia-Peque,74.51,2538,43.9,69.07
96.32,16,5.32,2,0,12,11.99,Colombia-Risaralda-Pereira,13.34,84346,98.84,96.66
74.54,0,2.34,222,0,24,18.75,Colombia-Boyaca-Pesca,50.12,1736,0.0,74.54
94.91,0,4.71,3,0,0,34.53,Colombia-Cauca-Piamonte,100.0,1906,9.09,94.91
97.73,1,2.43,465,0,39,10.48,Colombia-Santander-Piedecuesta,14.36,29520,39.24,97.81
75.43,10,1.47,49,7,58,17.77,Colombia-Tolima-Piedras,33.51,1327,50.0,75.43
79.56,0,2.38,0,0,44,18.4,Colombia-Cauca-Piendamo,37.98,9583,68.0,79.56
103.49,0,4.15,2,0,12,22.4,Colombia-Quindio-Pijao,23.86,1204,0.0,103.49
74.25,0,6.05,185,1,18,21.7,Colombia-Magdalena-Pijiño_del_Carmen,83.16,5030,11.11,74.25
64.9,0,4.28,465,0,39,14.3,Colombia-Santander-Pinchote,22.62,1074,27.27,64.9
80.69,0,3.0,303,0,13,32.34,Colombia-Bolivar-Pinillos,81.05,6883,41.46,80.69
72.94,0,1.17,49,0,39,33.19,Colombia-Atlantico-Piojo,54.03,1249,40.0,72.94
115.41,0,2.65,145,1,33,31.5,Colombia-Boyaca-Pisba,80.77,279,8.33,115.41
96.7,0,6.41,9,0,16,24.55,Colombia-Huila-Pital,44.85,3210,26.32,96.7
98.14,0,5.46,3,0,0,16.14,Colombia-Huila-Pitalito,37.08,30593,89.24,98.16
110.08,0,3.77,75,3,9,28.49,Colombia-Magdalena-Pivijay,47.56,7998,31.25,110.1
80.15,1,6.27,8,0,46,26.89,Colombia-Tolima-Planadas,60.17,8357,10.78,80.15
93.31,0,1.97,0,0,1,29.01,Colombia-Cordoba-Planeta_Rica,58.45,15944,36.36,93.31
93.03,1,5.94,185,1,18,23.04,Colombia-Magdalena-Plato,63.61,15518,27.59,93.03
65.62,0,0.43,0,5,2,16.78,Colombia-Nariño-Policarpa,46.56,3854,9.62,65.62
91.8,0,0.53,75,3,9,22.1,Colombia-Atlantico-Polonuevo,35.36,3220,100.0,91.83
79.06,0,2.54,75,3,9,19.04,Colombia-Atlantico-Ponedera,50.03,5388,100.0,79.08
102.75,2,1.76,0,0,44,12.3,Colombia-Cauca-Popayan,18.07,49713,96.06,102.77
121.41,0,3.74,164,3,19,34.76,Colombia-Casanare-Pore,55.49,1957,26.09,121.41
91.38,0,0.74,0,5,3,19.79,Colombia-Nariño-Potosi,42.6,2170,62.96,91.38
76.91,0,2.24,0,0,43,12.71,Colombia-Valle_Del_Cauca-Pradera,23.8,11994,21.62,76.98
111.92,1,4.01,51,9,44,21.26,Colombia-Tolima-Prado,40.33,1585,41.67,111.92
0.0,0,1.1,0,5,2,21.48,Colombia-Nariño-Providencia,64.53,3207,7.14,0.0
89.52,2,0.42,7,762,9,23.28,Colombia-Archipielago_de_San_Andres_Providencia_y_Santa_Catalina-Providencia,0.0,983,60.0,89.52
79.5,0,5.11,234,0,24,33.92,Colombia-Cesar-Pueblo_Bello,83.4,6740,15.79,79.5
69.85,0,2.38,303,0,13,25.42,Colombia-Cordoba-Pueblo_Nuevo,63.04,9681,45.59,69.86
106.34,1,5.77,0,0,9,29.64,Colombia-Risaralda-Pueblo_Rico,52.91,3737,25.93,106.34
94.44,0,7.77,15,1,17,17.39,Colombia-Antioquia-Pueblorrico,30.02,1618,81.25,94.44
72.51,1,1.34,75,3,9,20.35,Colombia-Magdalena-Puebloviejo,57.76,9138,71.43,72.51
132.28,0,2.18,222,0,24,24.84,Colombia-Santander-Puente_Nacional,35.07,2478,7.89,132.28
91.05,0,0.18,0,5,2,17.64,Colombia-Nariño-Puerres,46.15,1665,29.17,91.05
0.0,0,1.27,41,1,139,91.97,Colombia-Amazonas-Puerto_Alegria,100.0,699,0.0,0.0
38.83,0,2.55,35,4,173,48.53,Colombia-Amazonas-Puerto_Arica,71.56,461,16.67,38.83
89.74,14,5.02,0,0,1,16.09,Colombia-Putumayo-Puerto_Asis,30.7,15952,23.64,89.76
76.19,0,3.75,62,2,23,15.87,Colombia-Antioquia-Puerto_Berrio,38.43,10125,78.13,76.21
87.77,12,4.18,34,0,51,19.53,Colombia-Boyaca-Puerto_Boyaca,39.31,13104,37.25,87.84
62.84,1,7.25,0,0,1,21.72,Colombia-Putumayo-Puerto_Caicedo,41.38,3776,20.31,62.84
96.85,1,9.13,10,1,64,27.16,Colombia-Vichada-Puerto_Carreño,45.62,4513,70.59,96.92
0.0,0,0.0,107,16,33,38.05,Colombia-Guainia-Puerto_Colombia,24.74,1283,0.0,29.85
0.0,7,1.03,75,3,9,16.73,Colombia-Atlantico-Puerto_Colombia,24.74,5350,100.0,0.0
36.03,0,4.44,222,4,55,29.54,Colombia-Meta-Puerto_Concordia,100.0,4998,34.48,36.03
69.93,0,1.04,56,8,0,33.36,Colombia-Cordoba-Puerto_Escondido,84.6,7744,22.0,69.93
0.0,1,3.08,202,0,55,61.35,Colombia-Meta-Puerto_Gaitan,65.47,5475,63.95,0.0
73.4,2,8.22,0,0,1,20.26,Colombia-Putumayo-Puerto_Guzman,100.0,6783,5.23,73.4
66.95,0,1.39,0,5,6,30.29,Colombia-Cordoba-Puerto_Libertador,64.67,12980,18.57,66.95
73.87,0,1.16,308,0,318,42.95,Colombia-Meta-Puerto_Lleras,59.84,2457,69.23,73.87
97.17,0,4.47,202,0,55,24.4,Colombia-Meta-Puerto_Lopez,32.8,8088,80.0,97.19
70.71,1,4.44,62,2,23,17.52,Colombia-Antioquia-Puerto_Nare,31.94,4117,40.91,70.71
70.31,0,5.44,35,0,24,40.18,Colombia-Amazonas-Puerto_Nariño,58.35,2597,6.67,70.31
70.82,0,5.22,62,2,23,21.17,Colombia-Santander-Puerto_Parra,50.91,2029,16.67,70.82
49.79,0,6.3,207,41,177,31.45,Colombia-Meta-Puerto_Rico,46.2,4854,37.78,49.79
67.76,0,2.43,16,0,22,22.54,Colombia-Caqueta-Puerto_Rico,46.2,9111,9.64,67.76
72.5,0,6.01,222,0,7,15.86,Colombia-Arauca-Puerto_Rondon,36.1,1080,22.22,72.5
79.51,3,5.48,34,0,51,13.45,Colombia-Cundinamarca-Puerto_Salgar,29.26,4358,14.81,79.9
64.04,19,6.72,294,0,39,15.29,Colombia-Norte_Santander-Puerto_Santander,43.36,2428,60.0,64.17
43.83,0,3.81,85,8,126,46.2,Colombia-Amazonas-Puerto_Santander,43.36,883,0.0,43.83
88.39,1,1.36,0,0,43,14.74,Colombia-Cauca-Puerto_Tejada,18.05,9884,86.96,88.39
80.39,1,7.21,34,0,51,19.14,Colombia-Antioquia-Puerto_Triunfo,33.65,4645,90.0,80.39
96.45,1,4.58,294,0,39,17.14,Colombia-Santander-Puerto_Wilches,48.98,7522,31.25,96.45
76.76,1,0.8,49,7,58,15.98,Colombia-Cundinamarca-Puli,41.7,624,22.22,76.76
88.25,0,0.09,0,5,3,21.82,Colombia-Nariño-Pupiales,40.94,3634,73.33,88.25
68.91,0,3.4,0,0,44,16.83,Colombia-Cauca-Purace,50.68,3638,24.39,68.91
73.84,7,2.65,51,9,44,18.57,Colombia-Tolima-Purificacion,33.44,5956,30.0,73.89
96.86,0,0.45,41,5,0,21.49,Colombia-Cordoba-Purisima_de_la_Concepcion,67.63,3690,32.0,96.88
80.02,0,1.17,34,0,51,29.17,Colombia-Cundinamarca-Quebradanegra,39.53,1011,26.67,80.02
95.06,0,2.09,284,2,147,16.27,Colombia-Cundinamarca-Quetame,39.23,1357,11.11,95.06
98.19,0,1.8,0,0,9,40.62,Colombia-Choco-Quibdo,89.47,33825,41.67,98.2
81.41,0,7.03,2,0,12,16.14,Colombia-Quindio-Quimbaya,22.1,6827,0.0,81.46
74.45,0,4.51,15,1,17,13.84,Colombia-Risaralda-Quinchia,33.47,7726,47.62,74.45
62.21,0,2.82,34,0,51,22.12,Colombia-Boyaca-Quipama,53.78,1696,21.43,62.21
58.28,0,2.59,49,7,58,23.49,Colombia-Cundinamarca-Quipile,42.72,2006,28.57,58.28
56.67,3,0.82,294,0,39,14.19,Colombia-Norte_Santander-Ragonvalia,44.18,1431,41.67,56.67
88.85,0,1.69,222,0,24,14.02,Colombia-Boyaca-Ramiriqui,41.51,2421,11.76,88.89
0.0,0,0.57,222,0,24,19.38,Colombia-Boyaca-Raquira,60.22,4129,47.37,28.84
0.0,0,3.54,164,3,19,30.6,Colombia-Casanare-Recetor,46.29,1073,8.33,0.0
38.3,0,6.71,179,0,22,33.45,Colombia-Bolivar-Regidor,66.73,2971,41.67,38.3
94.5,0,3.97,100,0,23,18.68,Colombia-Antioquia-Remedios,47.56,6986,37.5,94.5
76.98,0,1.22,75,3,9,22.56,Colombia-Magdalena-Remolino,61.71,2133,60.0,76.98
77.67,2,0.61,49,0,39,15.41,Colombia-Atlantico-Repelon,52.33,6345,83.33,77.67
99.08,0,3.24,0,0,43,16.63,Colombia-Valle_Del_Cauca-Restrepo,20.84,3152,23.33,99.08
0.0,0,3.41,284,2,147,21.57,Colombia-Meta-Restrepo,20.84,2364,76.19,0.0
109.87,0,1.49,1,0,5,11.75,Colombia-Antioquia-Retiro,12.2,3970,76.47,112.52
85.65,2,3.99,49,7,58,15.77,Colombia-Cundinamarca-Ricaurte,36.63,1826,20.0,85.65
80.03,0,0.53,0,5,2,46.34,Colombia-Nariño-Ricaurte,36.63,5153,15.0,80.03
106.77,0,6.56,179,0,22,17.2,Colombia-Cesar-Rio_de_Oro,49.66,3044,31.11,106.77
48.88,0,4.66,0,0,9,54.39,Colombia-Choco-Rio_Iro,82.68,2858,18.18,48.88
74.7,0,2.88,0,0,9,40.62,Colombia-Choco-Rio_Quito,98.81,2530,20.0,74.7
36.35,1,3.64,179,0,22,26.6,Colombia-Bolivar-Rio_Viejo,76.98,4787,19.05,36.35
69.86,0,6.91,8,0,46,29.66,Colombia-Tolima-Rioblanco,65.95,6954,11.0,69.86
101.51,0,4.93,0,0,43,15.31,Colombia-Valle_Del_Cauca-Riofrio,26.41,2717,25.64,101.51
69.46,8,2.97,224,0,45,21.85,Colombia-La_Guajira-Riohacha,49.1,71060,10.18,69.53
87.54,0,3.54,294,0,39,16.37,Colombia-Santander-Rionegro,12.46,6025,9.38,87.54
84.91,1,4.33,1,0,5,9.8,Colombia-Antioquia-Rionegro,12.46,24439,62.5,85.09
90.8,0,6.66,26,0,46,50.02,Colombia-Choco-Riosucio,23.82,8981,13.04,90.8
74.92,1,1.65,15,1,17,14.61,Colombia-Caldas-Riosucio,23.82,12016,17.2,74.93
98.39,0,6.16,15,1,17,20.28,Colombia-Caldas-Risaralda,24.61,2176,21.43,98.39
117.25,2,4.51,9,0,16,16.59,Colombia-Huila-Rivera,32.32,4075,44.44,117.28
64.17,0,0.6,0,0,63,43.6,Colombia-Nariño-Roberto_Payan,72.92,6391,4.76,64.17
98.11,2,1.24,0,0,10,12.9,Colombia-Valle_Del_Cauca-Roldanillo,18.42,6028,15.56,98.41
89.05,0,6.2,2,0,12,17.47,Colombia-Tolima-Roncesvalles,35.51,1434,21.43,89.05
76.81,0,3.4,222,0,24,15.92,Colombia-Boyaca-Rondon,41.71,608,20.0,76.81
65.54,0,1.93,0,0,44,22.32,Colombia-Cauca-Rosas,65.93,2629,58.33,65.54
112.85,0,6.2,2,0,12,20.36,Colombia-Tolima-Rovira,45.96,5113,15.29,112.85
0.0,0,7.44,294,0,39,13.02,Colombia-Santander-Sabana_de_Torres,33.22,3978,1.96,0.0
95.23,0,0.92,75,3,9,19.65,Colombia-Atlantico-Sabanagrande,39.88,6639,100.0,95.29
111.64,0,4.41,284,2,147,28.57,Colombia-Casanare-Sabanalarga,60.28,713,54.55,111.64
76.96,0,0.76,75,3,9,29.82,Colombia-Atlantico-Sabanalarga,60.28,22967,100.0,76.97
85.36,0,6.5,1,0,5,22.55,Colombia-Antioquia-Sabanalarga,60.28,2104,25.81,85.36
90.66,1,1.06,75,3,9,37.06,Colombia-Magdalena-Sabanas_de_San_Angel,71.05,4958,43.24,90.66
125.06,0,3.85,1,0,5,10.87,Colombia-Antioquia-Sabaneta,6.84,7599,100.0,125.21
90.12,0,2.01,222,0,24,17.39,Colombia-Boyaca-Saboya,49.19,2886,10.42,90.12
54.6,0,2.63,181,15,258,35.48,Colombia-Casanare-Sacama,37.7,511,50.0,54.6
82.86,0,1.11,222,0,24,19.58,Colombia-Boyaca-Sachica,46.08,986,16.67,82.96
103.44,1,1.48,0,0,1,20.71,Colombia-Cordoba-Sahagun,53.8,20092,52.29,103.46
86.87,0,4.3,3,0,0,25.69,Colombia-Huila-Saladoblanco,49.44,3108,12.5,86.87
114.84,0,1.46,75,3,9,19.95,Colombia-Magdalena-Salamina,53.51,1584,10.0,114.84
70.1,0,3.21,15,1,17,13.1,Colombia-Caldas-Salamina,53.51,3826,19.57,70.1
89.93,0,1.0,294,0,39,12.2,Colombia-Norte_Santander-Salazar,43.59,2144,14.29,89.93
87.8,3,1.98,8,0,46,15.88,Colombia-Tolima-Saldaña,31.65,3155,38.89,87.92
132.04,0,3.89,2,0,12,14.02,Colombia-Quindio-Salento,20.86,1470,0.0,134.63
76.99,0,6.02,15,1,17,14.57,Colombia-Antioquia-Salgar,38.58,4194,78.38,76.99
81.39,0,2.32,222,0,24,16.28,Colombia-Boyaca-Samaca,30.86,5184,54.17,81.54
68.3,1,4.96,34,0,51,14.71,Colombia-Caldas-Samana,32.93,5704,20.65,68.3
44.07,0,0.77,0,5,2,14.79,Colombia-Nariño-Samaniego,58.03,11044,20.48,44.07
105.68,2,3.0,41,5,0,19.53,Colombia-Sucre-Sampues,70.75,9299,31.58,105.81
86.79,0,3.89,3,0,0,23.71,Colombia-Huila-San_Agustin,42.49,7515,20.22,86.79
85.68,1,6.38,294,0,39,19.89,Colombia-Cesar-San_Alberto,34.26,5768,25.0,85.73
109.6,0,2.27,1,0,5,17.31,Colombia-Antioquia-San_Andres_de_Cuerquia,42.45,1417,44.44,109.6
108.62,0,2.44,301,1,182,16.07,Colombia-Santander-San_Andres,42.45,1555,13.33,108.62
65.78,55,0.66,7,762,9,15.18,Colombia-Archipielago_de_San_Andres_Providencia_y_Santa_Catalina-San_Andres,42.45,14282,89.47,65.81
84.21,2,1.38,0,0,63,35.61,Colombia-Nariño-San_Andres_de_Tumaco,48.7,54876,26.96,84.21
87.57,0,3.04,41,5,0,38.86,Colombia-Cordoba-San_Andres_de_Sotavento,87.17,11331,25.58,87.57
92.29,0,3.1,41,5,0,20.65,Colombia-Cordoba-San_Antero,65.64,7293,72.73,92.29
92.79,0,5.38,8,0,46,23.51,Colombia-Tolima-San_Antonio,51.33,3566,50.0,92.79
77.37,0,1.13,49,7,58,17.88,Colombia-Cundinamarca-San_Antonio_del_Tequendama,27.61,2589,76.19,77.48
51.18,0,0.44,222,0,24,21.35,Colombia-Santander-San_Benito,35.3,844,13.33,51.18
92.6,0,2.94,0,0,1,39.7,Colombia-Sucre-San_Benito_abad,67.06,6620,26.67,92.6
32.43,0,0.23,0,5,2,18.85,Colombia-Nariño-San_Bernardo,57.35,3700,60.0,32.43
84.7,0,1.71,49,7,58,12.14,Colombia-Cundinamarca-San_Bernardo,57.35,2248,23.08,84.7
85.94,0,1.19,41,5,0,21.7,Colombia-Cordoba-San_Bernardo_del_Viento,70.71,8238,39.47,85.94
53.96,0,0.36,294,0,39,29.28,Colombia-Norte_Santander-San_Calixto,73.89,3864,11.76,53.96
84.08,0,0.91,0,0,1,23.18,Colombia-Cordoba-San_Carlos,66.22,6539,37.5,84.14
94.74,1,5.4,62,2,23,17.41,Colombia-Antioquia-San_Carlos,66.22,3425,22.41,94.74
113.49,0,8.05,308,0,318,26.32,Colombia-Meta-San_Carlos_de_Guaroa,39.03,2431,100.0,113.49
92.57,1,2.99,294,0,39,11.88,Colombia-Norte_Santander-San_Cayetano,38.28,1305,11.11,92.57
78.56,0,4.97,34,0,51,20.18,Colombia-Cundinamarca-San_Cayetano,38.28,1166,11.11,78.56
103.98,0,5.09,49,0,39,24.01,Colombia-Bolivar-San_Cristobal,45.96,1431,100.0,103.98
105.16,0,1.74,234,0,24,24.21,Colombia-Cesar-San_Diego,40.29,3505,55.0,105.16
63.15,0,3.18,222,0,24,14.26,Colombia-Boyaca-San_Eduardo,30.72,464,12.5,63.15
83.69,0,2.26,49,0,39,26.03,Colombia-Bolivar-San_Estanislao,57.08,4072,62.5,83.69
54.84,0,0.0,50,25,134,31.34,Colombia-Guainia-San_Felipe,100.0,558,20.0,54.84
66.92,0,2.42,185,1,18,33.29,Colombia-Bolivar-San_Fernando,69.8,3476,47.62,66.92
76.74,0,4.19,49,7,58,19.3,Colombia-Cundinamarca-San_Francisco,24.82,2175,6.67,76.74
108.57,0,3.13,15,1,17,24.19,Colombia-Antioquia-San_Francisco,24.82,1144,34.78,108.57
58.29,0,4.92,3,0,0,14.9,Colombia-Putumayo-San_Francisco,24.82,1664,58.33,58.29
128.33,0,3.38,465,0,39,11.19,Colombia-Santander-San_Gil,11.14,8079,14.63,128.44
106.92,3,2.85,41,5,0,27.01,Colombia-Bolivar-San_Jacinto,94.38,4737,58.62,106.92
63.84,0,0.46,303,0,13,45.37,Colombia-Bolivar-San_Jacinto_del_Cauca,90.43,3556,26.92,63.84
92.43,0,3.54,1,0,5,17.38,Colombia-Antioquia-San_Jeronimo,34.4,2789,88.89,92.43
96.0,0,3.39,465,0,39,18.26,Colombia-Santander-San_Joaquin,41.48,475,0.0,96.0
53.63,0,4.23,15,1,17,19.72,Colombia-Caldas-San_Jose,25.23,1626,20.0,53.63
76.49,0,2.27,3,3,0,16.49,Colombia-Antioquia-San_Jose_la_Montaña,21.52,906,66.67,76.49
70.73,0,3.35,181,15,258,19.52,Colombia-Santander-San_Jose_de_Miranda,56.8,919,36.84,70.73
68.67,0,2.83,465,0,39,20.97,Colombia-Boyaca-San_Jose_de_Pare,44.83,1130,36.36,68.67
83.85,0,1.14,0,5,6,25.11,Colombia-Cordoba-San_Jose_de_Ure,0.0,2978,25.0,83.85
79.69,2,4.63,16,0,22,24.46,Colombia-Caqueta-San_Jose_del_Fragua,49.72,4038,14.08,79.69
64.14,0,4.97,222,4,55,35.18,Colombia-Guaviare-San_Jose_del_Guaviare,42.4,18819,27.07,64.16
77.58,0,9.49,0,0,10,25.97,Colombia-Choco-San_Jose_del_Palmar,42.02,1432,22.22,77.58
77.95,0,4.56,308,0,318,28.72,Colombia-Meta-San_Juan_de_Arama,39.38,2372,59.09,77.95
97.8,0,2.54,41,5,0,19.39,Colombia-Sucre-San_Juan_de_Betulia,55.51,2639,47.06,97.8
82.16,0,3.18,49,7,58,13.44,Colombia-Cundinamarca-San_Juan_de_Rioseco,34.15,2052,11.76,82.16
89.62,0,3.07,13,2,0,32.23,Colombia-Antioquia-San_Juan_de_Uraba,75.86,7050,88.89,89.62
110.32,6,3.21,234,0,24,18.61,Colombia-La_Guajira-San_Juan_del_Cesar,44.79,8569,50.0,110.4
95.36,2,1.8,41,5,0,24.22,Colombia-Bolivar-San_Juan_Nepomuceno,67.87,7471,46.15,95.37
64.66,0,0.28,284,2,147,24.02,Colombia-Meta-San_Juanito,29.75,532,88.89,64.66
78.56,0,1.16,0,5,2,20.67,Colombia-Nariño-San_Lorenzo,57.31,4211,29.63,78.56
64.99,1,2.7,2,0,12,28.15,Colombia-Tolima-San_Luis,47.95,4033,41.94,64.99
118.64,3,7.4,62,2,23,17.48,Colombia-Antioquia-San_Luis,47.95,2447,51.72,118.64
91.85,1,3.43,284,2,147,16.77,Colombia-Boyaca-San_Luis_de_Gaceno,33.53,1141,20.59,91.85
81.17,1,4.11,164,3,19,35.79,Colombia-Casanare-San_Luis_de_Palenque,53.45,1875,25.81,81.17
92.74,2,4.74,0,0,1,30.44,Colombia-Sucre-San_Marcos,58.12,14076,36.0,92.75
104.13,0,5.73,179,0,22,24.03,Colombia-Cesar-San_Martin,26.99,4595,41.38,104.16
94.53,1,6.08,308,0,318,30.01,Colombia-Meta-San_Martin,26.99,5560,61.11,94.6
82.84,0,2.77,303,0,13,35.21,Colombia-Bolivar-San_Martin_de_Loba,68.93,4621,35.9,82.84
76.89,0,1.9,181,15,258,18.67,Colombia-Boyaca-San_Mateo,52.08,822,16.0,76.89
48.52,3,4.71,0,0,1,18.24,Colombia-Putumayo-San_Miguel,40.62,7847,30.16,48.52
105.18,0,2.99,222,0,24,30.25,Colombia-Santander-San_Miguel,40.62,463,23.08,105.18
67.75,0,2.65,222,0,24,16.83,Colombia-Boyaca-San_Miguel_de_Sema,31.44,1045,18.18,67.75
88.71,0,2.78,41,5,0,28.58,Colombia-Sucre-San_Onofre,65.1,13557,38.46,88.71
69.46,0,1.47,0,5,2,16.22,Colombia-Nariño-San_Pablo,33.34,3454,24.32,69.46
75.71,0,3.15,294,0,39,15.93,Colombia-Bolivar-San_Pablo,33.34,8303,13.73,75.71
60.73,1,3.73,34,0,51,22.72,Colombia-Boyaca-San_Pablo_de_Borbur,46.72,2424,19.44,60.73
83.15,0,2.62,0,0,43,14.41,Colombia-Valle_Del_Cauca-San_Pedro,57.27,3305,19.23,83.3
109.83,0,2.16,303,0,13,23.69,Colombia-Sucre-San_Pedro,57.27,3468,20.0,109.83
84.43,0,2.67,1,0,5,15.85,Colombia-Antioquia-San_Pedro_los_Milagros,57.27,6173,85.19,84.43
66.84,0,3.49,0,5,2,22.14,Colombia-Nariño-San_Pedro_de_Cartago,57.0,1749,10.53,66.84
110.07,0,4.19,13,2,0,32.21,Colombia-Antioquia-San_Pedro_de_Uraba,82.5,8241,25.37,110.07
85.61,1,1.57,0,0,1,27.32,Colombia-Cordoba-San_Pelayo,63.4,9459,46.27,85.63
104.44,0,3.35,1,0,5,17.42,Colombia-Antioquia-San_Rafael,35.1,2478,72.55,104.44
100.13,0,5.83,1,0,5,13.68,Colombia-Antioquia-San_Roque,38.12,3870,81.13,100.13
56.21,0,2.63,3,0,0,27.81,Colombia-Cauca-San_Sebastian,74.96,2656,47.22,56.21
104.59,0,2.01,185,1,18,14.84,Colombia-Magdalena-San_Sebastian_de_Buenavista,66.35,4511,48.78,104.59
98.08,0,2.45,1,0,5,15.67,Colombia-Antioquia-San_Vicente_Ferrer,29.92,3442,71.79,98.08
81.78,3,4.94,465,0,39,18.46,Colombia-Santander-San_Vicente_de_Chucuri,29.15,7729,22.45,81.8
65.28,1,4.77,73,11,119,22.98,Colombia-Caqueta-San_Vicente_del_Caguan,53.98,18368,10.08,65.31
119.62,0,3.08,185,1,18,19.06,Colombia-Magdalena-San_Zenon,73.73,2339,33.33,119.62
68.61,0,1.81,0,5,2,16.7,Colombia-Nariño-Sandona,42.32,5059,64.29,68.61
84.49,0,3.38,185,1,18,19.36,Colombia-Magdalena-Santa_Ana,66.49,7503,36.84,84.49
90.08,0,2.42,15,1,17,15.13,Colombia-Antioquia-Santa_Barbara,39.05,4776,90.91,90.08
74.32,1,0.66,0,0,217,44.97,Colombia-Nariño-Santa_Barbara,39.05,4475,2.78,74.32
99.56,0,2.97,181,15,258,19.63,Colombia-Santander-Santa_Barbara,39.05,450,8.33,99.56
66.09,0,5.77,185,1,18,18.26,Colombia-Magdalena-Santa_Barbara_de_Pinto,80.25,4096,6.25,66.09
94.51,0,2.56,49,0,39,22.02,Colombia-Bolivar-Santa_Catalina,48.34,3332,66.67,94.57
70.57,0,2.95,465,0,39,23.94,Colombia-Santander-Santa_Helena_del_Opon,56.91,1067,10.71,70.57
88.28,0,2.82,2,0,12,13.8,Colombia-Tolima-Santa_Isabel,29.09,1579,29.63,88.28
74.89,0,0.3,75,3,9,29.86,Colombia-Atlantico-Santa_Lucia,60.0,2923,75.0,74.89
80.48,0,4.52,9,0,16,20.38,Colombia-Huila-Santa_Maria,32.73,2812,25.64,80.48
70.21,0,1.5,8,0,46,17.31,Colombia-Boyaca-Santa_Maria,32.73,913,0.0,70.21
87.53,59,3.99,19,0,3,14.29,Colombia-Magdalena-Santa_Marta,29.03,119550,56.98,87.85
43.57,0,1.71,3,0,0,35.3,Colombia-Cauca-Santa_Rosa,91.9,2676,55.88,43.57
64.81,3,1.45,49,0,39,27.92,Colombia-Bolivar-Santa_Rosa,91.9,5848,57.14,64.81
84.38,1,5.31,2,0,12,14.37,Colombia-Risaralda-Santa_Rosa_de_Cabal,19.25,14562,45.83,84.39
97.74,0,3.38,1,0,5,15.13,Colombia-Antioquia-Santa_Rosa_de_Osos,23.52,7936,87.3,97.78
81.34,0,2.39,145,1,33,12.75,Colombia-Boyaca-Santa_Rosa_de_Viterbo,17.14,2369,6.25,81.38
65.2,13,5.73,100,0,23,20.31,Colombia-Bolivar-Santa_Rosa_del_Sur,55.43,12116,11.96,65.23
77.85,0,9.16,171,5,4,32.47,Colombia-Vichada-Santa_Rosalia,58.44,1237,36.36,77.85
92.91,0,4.58,222,0,24,17.97,Colombia-Boyaca-Santa_Sofia,35.81,592,0.0,92.91
0.0,0,0.85,0,5,2,22.66,Colombia-Nariño-Santacruz,67.98,6986,9.76,0.0
93.63,0,5.88,1,0,5,19.77,Colombia-Antioquia-Santa_Fe_de_Antioquia,44.1,5667,74.42,93.63
88.61,2,0.31,465,0,39,14.14,Colombia-Boyaca-Santana,42.46,1818,40.0,88.61
93.38,1,1.53,0,0,43,17.55,Colombia-Cauca-Santander_de_Quilichao,33.6,20176,57.39,93.42
47.91,0,3.82,0,5,2,20.0,Colombia-Putumayo-Santiago,39.98,2538,58.33,47.91
92.87,2,1.25,49,7,58,12.31,Colombia-Norte_Santander-Santiago,39.98,659,14.29,92.87
87.16,0,0.69,41,5,0,17.66,Colombia-Sucre-Santiago_de_Tolu,47.46,8237,39.13,87.22
104.8,0,2.89,1,0,5,18.99,Colombia-Antioquia-Santo_Domingo,29.07,2373,93.33,104.8
79.57,1,0.68,75,3,9,19.9,Colombia-Atlantico-Santo_Tomas,33.84,5067,80.0,79.73
71.66,1,6.5,15,1,17,16.27,Colombia-Risaralda-Santuario,23.59,3335,32.43,71.69
77.18,0,2.43,0,5,2,16.99,Colombia-Nariño-Sapuyes,36.22,1385,41.67,77.18
83.98,2,3.94,222,0,7,15.85,Colombia-Arauca-Saravena,34.15,13413,40.74,83.98
74.15,5,0.54,294,0,39,16.85,Colombia-Norte_Santander-Sardinata,53.3,6061,8.0,74.15
104.09,2,3.52,49,7,58,16.33,Colombia-Cundinamarca-Sasaima,24.77,2076,20.83,104.09
67.96,0,1.1,181,15,258,20.32,Colombia-Boyaca-Sativanorte,60.4,490,20.0,67.96
98.67,0,0.83,181,15,258,20.05,Colombia-Boyaca-Sativasur,46.14,226,20.0,98.67
79.25,0,4.09,100,0,23,19.49,Colombia-Antioquia-Segovia,41.37,9726,57.89,79.41
72.21,0,1.4,222,0,24,19.22,Colombia-Cundinamarca-Sesquile,16.56,3213,42.86,72.27
71.01,0,1.23,2,0,12,13.34,Colombia-Valle_Del_Cauca-Sevilla,18.23,8694,6.76,71.01
81.51,0,3.82,222,0,24,30.4,Colombia-Boyaca-Siachoque,50.8,2196,53.33,81.51
78.43,0,4.06,49,7,58,19.85,Colombia-Cundinamarca-Sibate,16.65,8293,34.78,78.68
104.26,0,2.6,3,0,0,14.93,Colombia-Putumayo-Sibundoy,20.66,3168,83.33,104.29
89.73,0,0.8,294,0,39,18.39,Colombia-Norte_Santander-Silos,41.33,1081,18.18,89.73
81.37,2,4.73,49,7,58,13.92,Colombia-Cundinamarca-Silvania,24.62,4551,34.09,81.37
79.82,0,1.35,0,0,44,25.8,Colombia-Cauca-Silvia,50.29,7878,44.0,79.82
100.0,0,4.21,465,0,39,18.79,Colombia-Santander-Simacota,48.18,1739,4.35,100.0
83.32,0,2.86,222,0,24,20.28,Colombia-Cundinamarca-Simijaca,22.05,3094,23.53,83.32
67.84,0,3.6,294,0,39,20.15,Colombia-Bolivar-Simiti,62.0,5734,17.54,67.89
76.93,0,3.64,41,5,0,18.53,Colombia-Sucre-San_Luis_de_Since,0.0,7805,32.14,76.96
97.32,37,3.06,41,5,0,18.59,Colombia-Sucre-Sincelejo,42.02,60580,94.79,97.43
65.41,0,7.68,0,0,10,29.44,Colombia-Choco-Sipi,47.47,1191,43.75,65.41
71.59,0,2.08,75,3,9,32.88,Colombia-Magdalena-Sitionuevo,66.89,8391,47.37,71.62
88.85,0,3.1,49,7,58,12.92,Colombia-Cundinamarca-Soacha,16.16,113269,95.08,88.97
112.79,0,0.7,222,0,24,14.92,Colombia-Boyaca-Soata,40.11,1431,16.67,112.79
99.88,0,1.68,145,1,33,18.77,Colombia-Boyaca-Socha,29.14,1616,19.05,99.88
95.55,0,3.81,465,0,39,9.77,Colombia-Santander-Socorro,15.07,5975,3.03,95.67
88.92,0,1.58,181,15,258,28.09,Colombia-Boyaca-Socota,72.35,1643,21.62,88.92
109.2,0,1.98,145,1,33,12.65,Colombia-Boyaca-Sogamoso,11.6,23501,84.48,109.37
34.17,0,2.48,27,0,20,38.13,Colombia-Caqueta-Solano,100.0,6401,7.23,34.17
67.43,13,1.2,75,3,9,15.98,Colombia-Atlantico-Soledad,24.07,137147,95.45,67.67
68.72,0,1.98,27,0,20,25.18,Colombia-Caqueta-Solita,52.87,2468,18.42,68.72
74.32,0,1.32,284,2,147,15.48,Colombia-Boyaca-Somondoco,36.9,666,9.09,74.32
88.49,0,4.27,15,1,17,18.57,Colombia-Antioquia-Sonson,33.75,7662,50.53,88.49
85.77,0,5.09,1,0,5,17.39,Colombia-Antioquia-Sopetran,33.55,3170,81.25,85.77
92.54,0,2.22,49,0,39,24.25,Colombia-Bolivar-Soplaviento,53.23,1822,33.33,92.54
88.62,0,1.41,284,2,147,12.0,Colombia-Cundinamarca-Sopo,8.94,5809,50.0,89.95
83.62,0,0.91,222,0,24,19.46,Colombia-Boyaca-Sora,46.3,757,22.22,83.62
113.36,0,2.41,222,0,24,18.47,Colombia-Boyaca-Soraca,46.26,1287,18.18,113.36
72.54,0,3.66,222,0,24,15.61,Colombia-Boyaca-Sotaquira,37.48,2036,15.0,72.54
45.8,0,1.77,0,0,44,19.06,Colombia-Cauca-Sotara,57.27,3533,14.29,45.8
94.67,0,1.26,465,0,39,19.41,Colombia-Santander-Suaita,35.09,2008,16.67,94.67
103.29,0,0.81,75,3,9,19.89,Colombia-Atlantico-Suan,55.4,1853,100.0,103.29
85.23,0,1.53,0,0,44,28.51,Colombia-Cauca-Suarez,59.51,4799,33.33,85.23
65.8,3,4.55,49,7,58,21.14,Colombia-Tolima-Suarez,59.51,959,40.0,65.8
93.1,0,4.15,16,0,22,21.79,Colombia-Huila-Suaza,45.69,4842,23.64,93.25
125.0,0,2.78,49,7,58,11.56,Colombia-Cundinamarca-Subachoque,14.02,3236,66.67,125.43
78.12,0,3.34,222,0,24,27.1,Colombia-Santander-Sucre,80.28,1883,12.96,78.12
63.0,0,1.93,0,0,44,30.61,Colombia-Cauca-Sucre,80.28,1857,44.83,63.0
100.45,0,0.94,303,0,13,30.99,Colombia-Sucre-Sucre,80.28,4943,68.57,100.45
66.98,0,0.97,222,0,24,14.71,Colombia-Cundinamarca-Suesca,23.62,4670,42.86,67.0
76.36,0,2.08,34,0,51,17.05,Colombia-Cundinamarca-Supata,32.95,1337,42.11,76.36
85.14,0,2.51,15,1,17,20.01,Colombia-Caldas-Supia,24.3,5659,23.91,85.14
97.02,0,0.76,301,1,182,23.06,Colombia-Santander-Surata,44.08,638,10.34,97.02
36.38,0,1.84,222,0,24,17.66,Colombia-Cundinamarca-Susa,30.71,3076,11.76,36.38
57.45,0,1.18,181,15,258,21.45,Colombia-Boyaca-Susacon,55.95,705,28.57,57.45
76.53,0,0.78,222,0,24,34.5,Colombia-Boyaca-Sutamarchan,35.38,1291,6.67,76.53
90.56,0,2.15,222,0,24,15.52,Colombia-Cundinamarca-Sutatausa,30.0,1176,50.0,90.56
73.5,0,1.05,222,0,24,27.53,Colombia-Boyaca-Sutatenza,57.7,751,8.33,73.5
66.01,1,3.5,49,7,58,13.76,Colombia-Cundinamarca-Tabio,12.4,5831,83.33,66.13
93.59,1,4.84,0,0,9,40.03,Colombia-Choco-Tado,86.86,5613,28.57,93.59
98.46,0,1.32,185,1,18,22.6,Colombia-Bolivar-Talaigua_Nuevo,63.48,3047,83.33,98.46
102.97,0,1.94,179,0,22,31.53,Colombia-Cesar-Tamalameque,61.29,3635,58.62,102.97
84.08,0,3.82,145,1,33,42.14,Colombia-Casanare-Tamara,72.42,1885,20.83,84.08
83.9,2,3.12,222,0,7,36.72,Colombia-Arauca-Tame,100.0,14561,35.54,83.92
99.55,0,3.43,15,1,17,16.36,Colombia-Antioquia-Tamesis,28.25,2865,78.57,99.55
81.43,5,2.92,0,5,2,20.67,Colombia-Nariño-Taminango,55.11,3909,36.36,81.43
82.34,0,0.45,0,5,2,24.92,Colombia-Nariño-Tangua,54.38,1976,21.62,82.34
116.0,0,0.0,282,102,208,50.63,Colombia-Vaupes-Taraira,82.07,325,12.5,116.0
62.29,0,0.32,166,0,24,41.53,Colombia-Amazonas-Tarapaca,57.91,1339,8.33,62.29
73.47,1,7.26,0,5,6,24.78,Colombia-Antioquia-Taraza,62.55,12075,70.97,73.47
88.69,2,2.7,9,0,16,23.38,Colombia-Huila-Tarqui,40.85,4668,35.29,88.69
62.63,0,1.23,15,1,17,22.63,Colombia-Antioquia-Tarso,38.94,1798,100.0,62.63
79.95,0,1.46,145,1,33,16.99,Colombia-Boyaca-Tasco,39.49,1476,26.32,79.95
107.69,4,3.67,145,1,33,31.04,Colombia-Casanare-Tauramena,33.73,5165,16.0,107.69
84.39,0,1.5,222,0,24,14.16,Colombia-Cundinamarca-Tausa,25.5,2043,29.41,84.39
64.2,1,2.08,8,0,46,25.59,Colombia-Huila-Tello,53.45,3771,21.28,64.2
66.68,0,1.64,49,7,58,15.24,Colombia-Cundinamarca-Tena,24.17,2383,76.92,66.68
106.14,3,3.72,185,1,18,39.04,Colombia-Magdalena-Tenerife,68.16,3292,30.43,106.14
0.0,0,4.3,49,7,58,14.55,Colombia-Cundinamarca-Tenjo,16.17,4462,47.06,0.0
82.48,0,2.06,222,0,24,12.93,Colombia-Boyaca-Tenza,28.23,765,0.0,82.48
45.94,0,1.62,294,0,39,18.8,Colombia-Norte_Santander-Teorama,56.53,6251,28.92,45.94
78.45,0,8.09,9,0,16,19.53,Colombia-Huila-Teruel,34.45,2093,17.39,78.45
99.17,1,3.49,9,0,16,15.35,Colombia-Huila-Tesalia,29.53,2168,45.0,99.17
74.29,1,3.35,49,7,58,22.13,Colombia-Cundinamarca-Tibacuy,37.47,1155,33.33,74.29
80.51,0,0.6,222,0,24,18.1,Colombia-Boyaca-Tibana,45.9,1955,12.5,80.51
61.7,0,2.77,145,1,33,13.67,Colombia-Boyaca-Tibasosa,16.18,3217,21.43,61.73
64.29,0,3.67,222,0,24,17.59,Colombia-Cundinamarca-Tibirita,34.05,700,33.33,64.29
102.31,3,0.41,294,0,39,22.73,Colombia-Norte_Santander-Tibu,56.76,10252,11.49,102.32
89.36,1,2.64,13,2,0,29.06,Colombia-Cordoba-Tierralta,73.29,27287,30.67,89.37
88.48,0,4.94,16,0,22,18.32,Colombia-Huila-Timana,31.45,5028,51.35,88.48
84.67,0,3.11,0,0,44,15.58,Colombia-Cauca-Timbio,36.04,6610,72.34,84.67
101.93,0,1.66,0,0,217,31.88,Colombia-Cauca-Timbiqui,73.19,6468,12.9,101.93
69.28,0,2.79,222,0,24,17.18,Colombia-Boyaca-Tinjaca,48.03,677,0.0,69.28
92.46,1,0.62,181,15,258,21.33,Colombia-Boyaca-Tipacoque,63.14,650,33.33,92.46
74.93,0,0.88,303,0,13,42.67,Colombia-Bolivar-Tiquisio,86.48,6393,14.81,74.93
59.34,0,6.01,1,0,5,14.95,Colombia-Antioquia-Titiribi,27.78,2730,75.0,59.34
79.45,0,2.12,222,0,24,18.17,Colombia-Boyaca-Toca,44.45,2448,0.0,79.45
67.77,6,8.08,49,7,58,13.69,Colombia-Cundinamarca-Tocaima,33.77,3584,35.48,67.8
99.84,0,2.1,284,2,147,12.95,Colombia-Cundinamarca-Tocancipa,20.01,7988,27.27,99.94
75.1,0,4.75,222,0,24,26.19,Colombia-Boyaca-Togüi,0.0,1197,7.14,75.1
81.24,0,1.47,0,5,6,18.79,Colombia-Antioquia-Toledo,41.68,1551,63.16,81.24
84.17,0,1.77,294,0,39,18.68,Colombia-Norte_Santander-Toledo,41.68,3986,6.59,84.17
103.25,0,3.58,41,5,0,18.9,Colombia-Sucre-Tolu_Viejo,0.0,4457,72.0,103.32
80.29,0,1.47,301,1,182,13.86,Colombia-Santander-Tona,24.1,1497,15.38,80.29
86.11,0,0.67,222,0,24,15.5,Colombia-Boyaca-Topaga,29.4,835,33.33,86.11
72.94,2,0.74,34,0,51,26.03,Colombia-Cundinamarca-Topaipi,63.58,1005,16.67,72.94
83.21,0,0.39,0,0,44,25.64,Colombia-Cauca-Toribio,61.81,7796,38.18,83.21
76.05,2,6.27,0,0,10,14.32,Colombia-Valle_Del_Cauca-Toro,29.9,3453,21.43,76.05
95.2,0,2.54,145,1,33,25.54,Colombia-Boyaca-Tota,60.64,1124,68.75,95.2
70.98,0,0.8,0,0,44,28.84,Colombia-Cauca-Totoro,60.97,5389,40.91,71.0
81.08,1,2.54,164,3,19,38.71,Colombia-Casanare-Trinidad,54.92,3916,22.58,81.13
78.36,0,3.8,0,0,10,16.27,Colombia-Valle_Del_Cauca-Trujillo,22.79,3734,14.29,78.36
84.01,5,0.65,75,3,9,15.32,Colombia-Atlantico-Tubara,35.9,2257,90.91,84.05
79.97,1,3.43,41,5,0,35.23,Colombia-Cordoba-Tuchin,0.0,11623,38.89,79.97
93.08,5,5.04,0,0,10,13.28,Colombia-Valle_Del_Cauca-Tulua,15.75,38792,61.95,93.17
84.8,1,1.21,222,0,24,13.04,Colombia-Boyaca-Tunja,12.01,40479,53.33,84.92
74.58,0,1.23,222,0,24,19.43,Colombia-Boyaca-Tunungua,22.67,413,12.5,74.58
88.78,0,0.53,0,5,2,17.78,Colombia-Nariño-Tuquerres,41.32,8437,37.14,88.78
102.77,57,3.95,49,0,39,28.44,Colombia-Bolivar-Turbaco,49.62,15590,69.57,103.09
77.23,0,0.98,49,0,39,16.84,Colombia-Bolivar-Turbana,62.02,4000,88.89,77.23
88.76,1,3.78,13,2,0,22.99,Colombia-Antioquia-Turbo,67.38,43055,2.17,88.76
110.55,0,1.22,222,0,24,15.88,Colombia-Boyaca-Turmeque,32.11,1384,22.22,110.55
90.72,0,1.79,222,0,24,16.5,Colombia-Boyaca-Tuta,32.46,2188,11.11,90.72
125.71,0,1.63,181,15,258,21.1,Colombia-Boyaca-Tutaza,46.68,319,30.0,125.71
73.81,0,2.4,284,2,147,20.25,Colombia-Cundinamarca-Ubala,49.47,2509,39.62,73.81
97.32,0,2.34,284,2,147,14.25,Colombia-Cundinamarca-Ubaque,32.15,1194,45.45,97.32
74.41,0,2.14,2,0,12,15.43,Colombia-Valle_Del_Cauca-Ulloa,23.4,1051,21.43,74.41
51.49,0,1.64,222,0,24,17.87,Colombia-Boyaca-Umbita,47.36,2756,66.67,51.49
69.25,0,1.49,49,7,58,15.49,Colombia-Cundinamarca-Une,28.17,1909,76.92,69.25
76.7,0,10.84,12,0,2,27.6,Colombia-Choco-Unguia,60.63,4163,22.86,76.7
49.76,0,4.84,0,0,9,26.79,Colombia-Choco-Union_Panamericana,53.39,2876,70.0,49.76
77.03,1,5.69,3,3,0,23.38,Colombia-Antioquia-Uramita,63.59,1911,47.22,77.03
46.65,0,8.62,51,9,44,37.3,Colombia-Meta-Uribe,50.47,3867,2.17,46.65
62.08,0,1.52,224,0,45,53.81,Colombia-La_Guajira-Uribia,96.05,49399,50.0,62.08
60.72,0,3.19,3,3,0,18.44,Colombia-Antioquia-Urrao,40.2,10508,10.84,60.72
45.84,0,4.62,234,0,24,13.46,Colombia-La_Guajira-Urumita,62.98,3942,20.0,45.84
77.32,1,2.64,75,3,9,18.05,Colombia-Atlantico-Usiacuri,43.28,2011,100.0,77.32
63.19,1,2.0,34,0,51,13.48,Colombia-Cundinamarca-Utica,42.7,1016,0.0,63.19
65.15,0,5.34,0,5,6,30.51,Colombia-Antioquia-Valdivia,54.49,5834,18.52,65.15
83.67,0,3.12,13,2,0,29.4,Colombia-Cordoba-Valencia,76.17,11264,28.57,83.67
107.6,0,1.5,465,0,39,19.61,Colombia-Santander-Valle_de_San_Jose,29.35,934,30.77,107.82
70.38,1,4.07,2,0,12,27.97,Colombia-Tolima-Valle_de_San_Juan,48.74,1519,52.63,70.38
51.99,2,3.52,0,0,1,27.18,Colombia-Putumayo-Valle_del_Guamuez,39.16,13698,37.65,52.0
87.24,22,4.15,234,0,24,15.37,Colombia-Cesar-Valledupar,32.74,109431,63.1,87.44
49.39,0,2.4,16,0,22,20.18,Colombia-Caqueta-Valparaiso,26.25,3140,11.32,49.39
70.06,5,2.83,15,1,17,20.61,Colombia-Antioquia-Valparaiso,26.25,1386,80.0,70.06
119.58,0,8.16,62,2,23,15.41,Colombia-Antioquia-Vegachi,46.33,2390,43.33,119.58
84.49,0,3.74,465,0,39,17.61,Colombia-Santander-Velez,34.05,4488,19.61,84.49
57.51,1,2.69,49,7,58,31.29,Colombia-Tolima-Venadillo,34.92,4361,30.77,57.51
140.03,0,1.95,222,0,24,15.3,Colombia-Cundinamarca-Venecia,25.05,632,5.56,140.03
87.43,0,7.89,15,1,17,15.54,Colombia-Antioquia-Venecia,25.05,2521,100.0,87.43
81.33,0,3.35,222,0,24,14.54,Colombia-Boyaca-Ventaquemada,28.45,3829,31.82,81.33
63.52,0,3.08,34,0,51,25.47,Colombia-Cundinamarca-Vergara,52.14,1590,40.0,63.52
89.22,1,9.39,0,0,10,18.1,Colombia-Valle_Del_Cauca-Versalles,18.95,1364,13.64,89.22
50.34,0,0.97,301,1,182,20.23,Colombia-Santander-Vetas,20.8,588,16.67,50.34
84.48,0,0.67,49,7,58,17.23,Colombia-Cundinamarca-Viani,30.86,844,26.67,84.48
106.04,2,4.64,34,0,51,17.16,Colombia-Caldas-Victoria,30.66,1721,25.0,106.04
0.0,0,2.52,3,3,0,37.07,Colombia-Antioquia-Vigia_del_Fuerte,68.35,1238,29.17,0.0
99.69,1,2.14,0,0,43,13.25,Colombia-Valle_Del_Cauca-Vijes,21.15,1919,5.26,99.69
60.0,0,0.32,294,0,39,29.44,Colombia-Norte_Santander-Villa_Caro,56.06,1410,5.88,60.0
87.75,0,1.53,222,0,24,13.31,Colombia-Boyaca-Villa_de_Leyva,25.86,3453,12.5,87.78
101.58,0,2.29,49,7,58,12.48,Colombia-Cundinamarca-Villa_de_de_Ubate,20.94,8759,60.71,101.71
77.06,22,2.6,294,0,39,11.98,Colombia-Norte_Santander-Villa_del_Rosario,22.85,19913,46.43,77.15
78.83,0,2.32,0,0,43,15.68,Colombia-Cauca-Villa_rica,30.66,3926,100.0,78.86
99.98,2,5.26,3,0,0,33.75,Colombia-Putumayo-Villagarzon,35.68,5474,26.87,99.98
84.42,0,2.86,34,0,51,20.76,Colombia-Cundinamarca-Villagomez,42.95,475,15.38,84.42
73.3,0,4.85,15,1,17,23.21,Colombia-Tolima-Villahermosa,28.36,2517,16.67,73.3
83.49,0,2.78,34,0,51,13.12,Colombia-Caldas-Villamaria,12.5,10764,30.77,83.7
92.77,0,0.6,49,0,39,37.65,Colombia-Bolivar-Villanueva,34.4,4771,33.33,93.02
106.81,0,1.56,465,0,39,17.11,Colombia-Santander-Villanueva,34.4,1058,14.29,106.81
118.45,0,3.31,202,0,55,35.32,Colombia-Casanare-Villanueva,34.4,5826,12.5,118.45
86.51,0,3.35,237,0,62,15.47,Colombia-La_Guajira-Villanueva,34.4,5954,0.0,86.58
85.7,0,4.26,222,0,24,15.99,Colombia-Cundinamarca-Villapinzon,25.85,4966,52.17,85.7
94.72,0,5.09,51,9,44,25.88,Colombia-Tolima-Villarrica,35.46,1136,15.38,94.72
92.66,13,1.33,284,2,147,22.54,Colombia-Meta-Villavicencio,17.07,103799,66.23,92.74
63.19,2,4.78,8,0,46,22.11,Colombia-Huila-Villavieja,40.0,1823,71.43,63.19
99.54,3,2.9,34,0,51,14.9,Colombia-Cundinamarca-Villeta,21.34,5215,26.47,99.65
106.71,1,4.56,49,7,58,16.1,Colombia-Cundinamarca-Viota,38.46,2669,6.12,106.71
71.12,0,2.33,222,0,24,17.27,Colombia-Boyaca-Viracacha,38.02,741,8.33,71.12
65.92,0,6.87,308,0,318,37.17,Colombia-Meta-Vistahermosa,53.86,6353,42.03,65.92
85.41,6,6.0,15,1,17,14.93,Colombia-Caldas-Viterbo,20.82,2803,31.58,85.44
68.43,1,3.22,34,0,51,22.62,Colombia-Cundinamarca-Yacopi,64.73,3684,8.18,68.43
79.72,0,0.73,0,5,2,27.52,Colombia-Nariño-Yacuanquer,63.39,2254,30.43,79.72
79.67,6,3.06,9,0,16,12.76,Colombia-Huila-Yaguara,21.84,1815,70.0,79.67
60.75,0,4.31,62,2,23,15.8,Colombia-Antioquia-Yali,44.94,2117,52.0,60.75
81.17,1,3.72,1,0,5,14.6,Colombia-Antioquia-Yarumal,28.26,11372,80.0,81.34
77.57,0,3.48,282,102,208,41.43,Colombia-Vaupes-Yavarate,78.52,379,33.33,77.57
82.44,0,2.24,1,0,5,16.21,Colombia-Antioquia-Yolombo,40.63,5494,66.67,82.44
97.24,0,7.37,294,0,39,21.73,Colombia-Antioquia-Yondo,59.05,4275,27.66,97.24
108.25,6,3.77,145,1,33,17.9,Colombia-Casanare-Yopal,24.47,33205,5.95,108.34
88.2,1,2.57,0,0,43,14.98,Colombia-Valle_Del_Cauca-Yotoco,26.59,2908,16.67,88.2
90.05,0,1.83,0,0,43,12.72,Colombia-Valle_Del_Cauca-Yumbo,17.95,22212,100.0,90.64
91.2,0,0.63,185,1,18,26.49,Colombia-Bolivar-Zambrano,55.92,2831,60.0,91.2
108.06,0,5.46,465,0,39,11.35,Colombia-Santander-Zapatoca,18.11,1725,16.0,108.06
97.53,0,6.3,75,3,9,37.36,Colombia-Magdalena-Zapayan,77.76,2183,38.46,97.53
100.37,0,3.72,100,0,23,23.97,Colombia-Antioquia-Zaragoza,64.3,7754,32.69,100.37
84.44,1,2.1,0,0,10,13.59,Colombia-Valle_Del_Cauca-Zarzal,17.34,8545,5.0,84.46
97.96,1,0.99,222,0,24,25.51,Colombia-Boyaca-Zetaquira,38.08,981,0.0,97.96
64.3,0,4.35,49,7,58,18.77,Colombia-Cundinamarca-Zipacon,30.57,1311,50.0,64.3
87.03,0,4.32,222,0,24,12.13,Colombia-Cundinamarca-Zipaquira,13.0,26153,91.43,87.22
116.3,2,3.1,75,3,9,20.9,Colombia-Magdalena-Zona_Bananera,44.22,18334,40.98,116.41
